Verehrter	O
Herr	O
Fischer	Person
!	O
Ich	O
danke	O
Ihnen	O
für	O
Ihre	O
verschiedenen	O
Mit	O
-	O
teilungen	O
.	O
Den	O
Brief	O
der	O
Revue	O
de	O
Genève	O
schicke	O
ich	O
Ihnen	O
wieder	O
zurück	O
mit	O
der	O
Bitte	O
,	O
die	O
Honorarforderun	O
in	O
diesem	O
Fall	O
ganz	O
nach	O
Ihrem	O
Dafürhalten	O
zu	O
regeln	O
.	O
Ich	O
bitte	O
aber	O
die	O
Zeitschrift	O
darauf	O
aufmerksam	O
zu	O
machen	O
,	O
dass	O
ich	O
unbedingte	O
Loyalität	O
von	O
ihr	O
erwarte	O
,	O
d.h.	O
also	O
,	O
dass	O
sie	O
nicht	O
etwa	O
nur	O
Abdruck	O
jener	O
Ste	O
len	O
bringt	O
,	O
in	O
denen	O
Dehmel	Person
sich	O
kritisch	O
über	O
Deutschland	Ort
äussert	O
.	O
Was	O
übrigens	O
Zeitschriften	O
-	O
honorar	O
anbelang	O
so	O
möchte	O
ich	O
Ihnen	O
doch	O
das	O
Folgende	O
mitteilen	O
.	O
Ich	O
habe	O
vom	O
Verlag	Organisation
Ernst	Organisation
Rowohlt	Organisation
insgesamt	O
,	O
sage	O
und	O
schreibe	O
,	O
150	O
Mk	O
.	O
bekommen	O
für	O
den	O
Abdruck	O
des	O
offene	O
Briefes	O
von	O
Dehmel	Person
und	O
den	O
Abdruck	O
eines	O
Prosa	O
-	O
Stücke	O
und	O
einiger	O
Gedichte	O
aus	O
den	O
gesammelten	Werk
Werken	Werk
.	O
(	O
insgesamt	O
7	O
1/2	O
Seiten	O
Druck	O
)	O
.	O
Ich	O
muss	O
sagen	O
,	O
dass	O
ich	O
in	O
20	O
Jahren	O
keine	O
so	O
miserable	O
Zahlung	O
erlebt	O
habe	O
.	O
Ich	O
hätte	O
am	O
liebsten	O
das	O
Geld	O
zurückgeschickt	O
,	O
wenn	O
nicht	O
meine	O
Lage	O
mir	O
eine	O
solche	O
Gebärde	O
verböte	O
.	O
Allerdings	O
die	O
Copie	O
des	O
offenen	O
Briefes	O
hat	O
über	O
einen	O
halben	O
Tag	O
Schreibmaschinenarbeit	O
gekostet	O
:	O
mehrere	O
dringende	O
Telegramme	O
sind	O
deswegen	O
an	O
Herrn	Person
Crossmann	Person
gegangen	O
,	O
und	O
dann	O
wagt	O
er	O
,	O
mir	O
eine	O
solche	O
Bagatelle	O
zu	O
schicken	O
.	O
Der	O
Gesamtausgabe	O
müsste	O
natürlich	O
die	O
“	O
schöne	Werk
wilde	Werk
Welt	Werk
”	O
angefügt	O
werden	O
,	O
noch	O
um	O
einige	O
Gedichte	O
aus	O
der	O
letzten	O
Zeit	O
vermehrt	O
,	O
ferner	O
die	O
“	O
Menschenfreunde	Werk
”	O
,	O
und	O
was	O
soll	O
mit	O
der	O
“	O
Götterkommödie	Werk
”	O
geschehen	O
?	O
Bei	O
einer	O
Gesamtausgabe	O
darf	O
sie	O
doch	O
wohl	O
nicht	O
fehlen	O
?	O
Von	O
der	O
Volksausgabe	O
habe	O
ich	O
leider	O
kein	O
Exemplar	O
hier	O
;	O
würde	O
es	O
die	O
Herausgabe	O
sehr	O
verzögern	O
oder	O
verteuern	O
,	O
wenn	O
ich	O
nach	O
meiner	O
Rückkehr	O
(	O
am	O
24	O
.	O
April	O
)	O
die	O
sehr	O
wenigen	O
Textverbesserungen	O
,	O
die	O
Dehmel	Person
zu	O
der	O
letzten	O
Ausgabe	O
in	O
sein	O
Handexemplar	O
gemacht	O
hat	O
,	O
hinzufügte	O
,	O
und	O
vor	O
allem	O
wenn	O
ich	O
die	O
wenigen	O
Gedichte	O
,	O
die	O
Dehmel	Person
noch	O
in	O
die	O
Volksausgabae	O
eingefügt	O
haben	O
wollte	O
,	O
an	O
den	O
von	O
ihm	O
bezeichne	O
-	O
ten	O
Stellen	O
einfügte	O
?	O
Wenn	O
es	O
die	O
Herausgabe	O
verzögert	O
,	O
könnten	O
wir	O
ja	O
damit	O
bis	O
zur	O
nächsten	O
Ausgabe	O
warten	O
,	O
da	O
mir	O
von	O
allen	O
Seiten	O
mitgeteilt	O
wird	O
,	O
wie	O
schade	O
es	O
ist	O
,	O
dass	O
jetzt	O
gerade	O
die	O
Volksausgabe	O
nicht	O
zu	O
kaufen	O
ist	O
.	O
Ich	O
bin	O
vom	O
15	O
.	O
bis	O
20	O
.	O
April	O
in	O
Berlin	Ort
,	O
Hotel	Organisation
Excelsior	Organisation
und	O
hoffe	O
,	O
Sie	O
und	O
ihre	O
liebe	O
,	O
verehrte	O
Frau	Person
dort	O
zu	O
sehen	O
.	O
Mit	O
besten	O
Grüssen	O
.	O
Sehr	O
geehrter	O
Herr	O
Fischer	Person
,	O
Die	O
Beantwortung	O
Ihres	O
Briefes	O
vom	O
18	O
.	O
Oktober	O
fällt	O
mir	O
nicht	O
leicht	O
,	O
denn	O
ich	O
sehe	O
einerseits	O
Ihre	O
Schwierigkeiten	O
vollkommen	O
ein	O
,	O
bin	O
aber	O
auf	O
der	O
anderen	O
Seite	O
nicht	O
in	O
der	O
Lage	O
,	O
die	O
Rechte	O
der	O
Dehmel	Person
	O
schen	O
Erben	O
preiszugeben	O
.	O
Ich	O
verhandle	O
,	O
wie	O
Sie	O
wissen	O
,	O
nicht	O
nur	O
in	O
eigener	O
Sache	O
mit	O
Ihnen	O
,	O
sondern	O
auch	O
als	O
Vertreterin	O
der	O
drei	O
Kinder	Person
Dehmels	Person
,	O
und	O
deren	O
absolutes	O
Vertrauen	O
in	O
mein	O
Verantwortungs	O
-	O
gefühl	O
ihrer	O
Lage	O
gegenüber	O
zwingt	O
mich	O
,	O
auf	O
der	O
Erfüllung	O
unserer	O
vertraglichen	O
Rechte	O
zu	O
bestehen	O
.	O
Die	O
schwierige	O
Lage	O
,	O
in	O
der	O
Sie	O
sind	O
,	O
ist	O
fraglos	O
die	O
gleiche	O
wie	O
bei	O
allen	O
Verlegern	O
.	O
Ich	O
halte	O
es	O
aber	O
für	O
ausgeschlossen	O
,	O
dass	O
darunter	O
alle	O
deutschen	O
Autoren	O
leiden	O
sollten	O
.	O
Ich	O
kann	O
mich	O
nicht	O
darauf	O
einlassen	O
,	O
dass	O
Sie	O
den	O
Briefband	O
zurückstellen	O
wollen	O
,	O
“	O
bis	O
Verhältnisse	O
eintreten	O
,	O
die	O
und	O
in	O
die	O
Lage	O
setzen	O
,	O
die	O
Herstellungskosten	O
vorher	O
festzusetzen	O
.	O
”	O
Das	O
hiesse	O
das	O
Erscheinen	O
des	O
Buches	O
begraben	O
.	O
Da	O
Sie	O
die	O
Verpflichtung	O
uebernommen	O
haben	O
,	O
den	O
Band	O
in	O
Angriff	O
zu	O
nehmen	O
,	O
sobald	O
der	O
erste	O
Band	O
seine	O
Kosten	O
gedeckt	O
hat	O
,	O
also	O
unter	O
der	O
Voraussetzung	O
,	O
die	O
jetzt	O
erreicht	O
ist	O
,	O
so	O
ist	O
bei	O
der	O
Herstellung	O
des	O
Buches	O
genau	O
mit	O
den	O
-	O
selben	O
Verhältnissen	O
zu	O
rechnen	O
,	O
mit	O
denen	O
Sie	O
in	O
Ihrem	O
Geschäftsbetrieb	O
täglich	O
rechnen	O
müssen	O
,	O
gleichviel	O
wie	O
unangenehm	O
diese	O
Verhältnisse	O
sind	O
.	O
Es	O
liegt	O
doch	O
auch	O
keinerlei	O
Anlass	O
vor	O
,	O
anzunehmen	O
,	O
dass	O
der	O
zweite	O
Band	O
im	O
Voraus	O
als	O
ein	O
spezifisch	O
so	O
ungünstiges	O
Geschäft	O
anzusehen	O
ist	O
,	O
dass	O
es	O
Ihnen	O
nicht	O
zugemutet	O
werden	O
kann	O
.	O
Gerne	O
komme	O
ich	O
Ihnen	O
aber	O
entgegen	O
und	O
erkläre	O
mich	O
damit	O
einverstanden	O
,	O
dass	O
der	O
Druck	O
des	O
zweiten	O
Bandes	O
nicht	O
sofort	O
erfolgt	O
;	O
allerdings	O
muss	O
ich	O
auf	O
Grund	O
unserer	O
Abmachung	O
darauf	O
bestehen	O
,	O
dass	O
das	O
Erscheinen	O
des	O
zweiten	O
Briefbandes	O
auf	O
dem	O
Büchermarkt	O
bis	O
1	O
.	O
Oktober	O
1923	O
gesichert	O
ist	O
.	O
Was	O
den	O
Neudruck	O
der	O
10bändigen	O
(	O
jetzt	O
wohl	O
12bändigen	O
)	O
Ausgabe	O
an	O
-	O
langt	O
,	O
so	O
bin	O
ich	O
mir	O
nicht	O
klar	O
,	O
ob	O
in	O
Ihrem	O
Brief	O
vom	O
18	O
.	O
ds.M	O
.	O
nicht	O
ein	O
Schreibfehler	O
vorliegt	O
.	O
Sie	O
schreiben	O
mir	O
,	O
dass	O
Sie	O
uns	O
eine	O
Tantieme	O
von	O
15	O
%	O
des	O
Ladenpreises	O
des	O
broschierten	O
Exemplars	O
geben	O
wollten	O
.	O
Ich	O
wiederhole	O
,	O
verehrter	O
Herr	O
Fischer	Person
,	O
dass	O
ich	O
an	O
-	O
nehme	O
,	O
dass	O
hier	O
ein	O
Schreibfehler	O
vorliegt	O
,	O
umsomehr	O
als	O
kein	O
Wort	O
über	O
eine	O
Veränderung	O
des	O
uns	O
zustehenden	O
Honorars	O
hinzugefügt	O
ist	O
.	O
Sie	O
wissen	O
,	O
dass	O
uns	O
seit	O
1923	O
vertraglich	O
25	O
%	O
vom	O
Ladenpreis	O
zu	O
-	O
stehen	O
;	O
sie	O
hatten	O
die	O
Güte	O
,	O
diese	O
25	O
%	O
im	O
Vorjahr	O
auf	O
30	O
%	O
freiwillig	O
zu	O
erhöhen	O
.	O
Selbst	O
diesen	O
erwähnten	O
freiwillig	O
angebotenen	O
Zuschlag	O
von	O
5	O
%	O
zu	O
den	O
vorher	O
bestehenden	O
25	O
%	O
haben	O
Sie	O
mir	O
in	O
vertraglicher	O
Form	O
zugesichert	O
.	O
Ich	O
kann	O
mir	O
mit	O
dem	O
besten	O
Willen	O
nicht	O
vorstellen	O
,	O
dass	O
Sie	O
uns	O
eine	O
Änderung	O
dieser	O
Bestimmungen	O
zumuten	O
wollen	O
,	O
noch	O
dazu	O
ohne	O
etwas	O
darüber	O
zu	O
sagen	O
.	O
Einverstanden	O
dagegen	O
bin	O
ich	O
,	O
dass	O
das	O
uns	O
zustehende	O
Honorar	O
nicht	O
im	O
Voraus	O
bezahlt	O
wird	O
,	O
jedoch	O
mitder	O
Einschränkung	O
Ihres	O
Vorschlages	O
,	O
dass	O
wir	O
im	O
Laufe	O
des	O
betreffenden	O
Kalenderjahres	O
zwei	O
über	O
das	O
Jahr	O
verteilte	O
A-Conto-Zahlungen	O
erhalten	O
,	O
deren	O
schätzungsweise	O
Höhe	O
ins	O
-	O
gesamt	O
2/3	O
des	O
sich	O
vermutlich	O
ergebenden	O
Betrages	O
ausmacht	O
.	O
Über	O
die	O
Höhe	O
dieser	O
A-Conto-Zahlungen	O
werden	O
wir	O
uns	O
leicht	O
auf	O
Grund	O
Ihrer	O
Vorschlä	O
-	O
ge	O
einigen	O
.	O
Schliesslich	O
möchte	O
ich	O
Ihnen	O
noch	O
sagen	O
,	O
dass	O
ich	O
Ihnen	O
in	O
der	O
Verschiebung	O
des	O
Druckbeginns	O
des	O
zweiten	O
Briefbandes	O
in	O
Rücksicht	O
auf	O
den	O
sofort	O
in	O
Angriff	O
zu	O
nehmenden	O
Druck	O
der	O
Gesamtausgabe	Werk
entgegenkomme	O
.	O
Ich	O
hoffe	O
,	O
verehrter	O
Herr	O
Fischer	Person
,	O
dass	O
nichts	O
in	O
meiner	O
Antwort	O
Ih	O
-	O
nen	O
Veranlassung	O
gibt	O
,	O
mir	O
zu	O
zürnen	O
.	O
Wenn	O
der	O
Drucker	O
,	O
der	O
Papierliefe	O
-	O
rent	O
,	O
die	O
Buchbinderei	O
,	O
kurz	O
alle	O
Lieferanten	O
auf	O
ihren	O
Forderungen	O
bis	O
zum	O
letzten	O
Pfennig	O
bestehen	O
und	O
sie	O
ihnen	O
erfüllt	O
werden	O
,	O
so	O
kann	O
nicht	O
der	O
Autor	O
resp	O
.	O
dessen	O
Erben	O
zurückstehen	O
.	O
Die	O
Dehmel	Person
	O
schen	O
Töchter	Person
als	O
einziger	O
samt	O
ihren	O
Sprösslingen	Person
sind	O
auf	O
den	O
Ertrag	O
aus	O
den	O
Werken	O
ihres	O
Vaters	Person
angewiesen	O
,	O
und	O
es	O
liegt	O
nicht	O
in	O
Ihrer	O
Art	O
,	O
den	O
Deutschen	O
das	O
Schauspiel	O
bieten	O
zu	O
wollen	O
,	O
dass	O
die	O
Nachkommen	O
eines	O
grossen	O
Dichters	O
am	O
Hunger	O
-	O
tuch	O
nagen	O
.	O
Es	O
kommt	O
dazu	O
,	O
dass	O
von	O
alles	O
Seiten	O
nach	O
dem	O
zweiten	O
Brief	O
-	O
band	O
gefragt	O
wird	O
und	O
ebenso	O
nach	O
einer	O
neuen	O
Auflage	O
der	O
Gesamtausgabe	O
.	O
Sie	O
werden	O
es	O
hoffentlich	O
erleben	O
,	O
dass	O
der	O
60	O
.	O
Geburtstag	O
Dehmels	Person
einen	O
solchen	O
Absatz	O
seiner	O
Werke	O
hervorbringt	O
,	O
dass	O
Sie	O
mit	O
den	O
neuen	O
Ausgaben	O
glänzend	O
auf	O
Ihre	O
Kosten	O
kommen	O
.	O
Ich	O
zweifle	O
nicht	O
daran	O
,	O
dass	O
Sie	O
die	O
Berechtigung	O
meines	O
Standpunk	O
-	O
tes	O
anerkennen	O
und	O
wäre	O
Ihnen	O
aufrichtig	O
dankbar	O
,	O
wenn	O
die	O
Angelegenheit	O
ohne	O
weitere	O
Schwierigkeit	O
erledigt	O
würde	O
.	O
Mit	O
besten	O
Grüssen	O
x	O
)	O
Aus	O
persönlichen	O
und	O
sachlichen	O
Gründen	O
erkläre	O
ich	O
mich	O
hinndurch	O
bereit	O
,	O
auf	O
diese	O
5	O
%	O
zu	O
verzichten	O
.	O
Es	O
träten	O
danach	O
nur	O
die	O
mit	O
Dehmel	Person
vereinbarten	O
25	O
%	O
Tantiemen	O
in	O
Kraft	O
.	O
Liebe	O
Frau	O
Isi	Person
!	O
Für	O
Herrn	O
Meyer	Person
sind	O
je	O
5	O
Exemplare	O
der	O
beiden	O
Dehmel	Person
-	O
Schriften	O
zurückgelegt	O
,	O
und	O
sie	O
werden	O
ihm	O
bei	O
der	O
Erledigung	O
ver	O
-	O
schiedener	O
anderer	O
die	O
Dehmel	Person
-	O
Gesellschaft	O
betreffenden	O
Arbeiten	O
im	O
Laufe	O
dieser	O
oder	O
der	O
nächsten	O
Woche	O
zugehen	O
.	O
Die	O
10	O
Bände	O
,	O
die	O
er	O
damit	O
erhält	O
,	O
haben	O
zweifellos	O
einen	O
Wert	O
von	O
4	O
-	O
5000	O
Mark	O
.	O
Der	O
heutige	O
Tagespreis	O
einer	O
so	O
ausgestatteten	O
Druckschrift	O
in	O
kleiner	O
Auflage	O
pflegt	O
3000	O
Mark	O
für	O
das	O
Stück	O
zu	O
sein	O
.	O
Uebrigens	O
werde	O
ich	O
mich	O
Anfang	O
nächsten	O
Jahres	O
mit	O
der	O
Verwertung	O
der	O
Rest	O
-	O
bestände	O
der	O
beiden	O
ersten	O
Dehmel	Person
-	O
Drucke	O
zu	O
möglichst	O
hohem	O
Preis	O
beschäftigen	O
.	O
Ich	O
hoffe	O
,	O
dass	O
aus	O
dem	O
Versand	O
des	O
zweiten	O
Drucks	O
an	O
die	O
Subskribenten	O
20	O
bis	O
25	O
0	O
Mark	O
überschiessen	O
werden	O
und	O
hoffe	O
ferner	O
,	O
dass	O
die	O
Verwertung	O
der	O
Restbestände	O
beider	O
Drucke	O
noch	O
30	O
bis	O
40	O
0	O
Mark	O
bringen	O
wird	O
.	O
Den	O
Brief	O
des	O
Herrn	O
Meyer	Person
lege	O
ich	O
wieder	O
bei	O
.	O
Die	O
Angelegenheit	O
des	O
Herrn	O
S.	Person
Fischer	Person
betrachte	O
ich	O
lediglich	O
von	O
Ihrem	O
Standpunkt	O
aus	O
,	O
da	O
für	O
mich	O
als	O
Ihren	O
Freund	O
und	O
Sachwalter	O
und	O
mit	O
Herrn	O
Fischer	Person
persönlich	O
völlig	O
unbekannt	O
kein	O
Anlass	O
vorliegt	O
,	O
eine	O
andere	O
Betrachtung	O
zu	O
haben	O
.	O
Somit	O
sage	O
ich	O
1	O
.	O
)	O
Sie	O
dürfen	O
nicht	O
darauf	O
eingehen	O
,	O
dass	O
Herr	O
Fischer	Person
den	O
Briefband	O
zurückstellen	O
will	O
“	O
bis	O
Verhältnisse	O
eintreten	O
,	O
die	O
uns	O
in	O
die	O
Lage	O
setzen	O
,	O
die	O
Herstellungskosten	O
vorher	O
festzustellen	O
.	O
Dies	O
hiesse	O
das	O
Erscheinen	O
des	O
Bandes	O
begraben	O
.	O
Da	O
er	O
eine	O
Verpflich	O
-	O
tung	O
übernommen	O
hat	O
,	O
den	O
Band	O
zu	O
einem	O
bestimmten	O
Zeitpunkt	O
in	O
Angriff	O
zu	O
nehmen	O
,	O
dessen	O
Voraussetzungen	O
jetzt	O
erreicht	O
sind	O
;	O
da	O
er	O
sein	O
Ge	O
-	O
schäft	O
nicht	O
aufgibt	O
,	O
sondern	O
,	O
welche	O
Bücher	O
auch	O
immer	O
druckt	O
:	O
so	O
hat	O
er	O
bei	O
der	O
Herstellung	O
Ihres	O
Buches	O
genau	O
mit	O
denselben	O
Verhältnissen	O
zu	O
rechnen	O
,	O
mit	O
denen	O
er	O
in	O
seinem	O
Geschäftsbetrieb	O
täglich	O
rechnet	O
,	O
gleichviel	O
wie	O
unangenehm	O
diese	O
Verhältnisse	O
sind	O
.	O
Es	O
besteht	O
auch	O
kein	O
Anlass	O
zu	O
der	O
Vermutung	O
,	O
dass	O
gerade	O
dieses	O
Dehmelbrief	O
-	O
Unternehmen	O
für	O
ihn	O
im	O
voraus	O
als	O
ein	O
spezifisch	O
ungünstiges	O
Geschäft	O
anzusehen	O
ist	O
,	O
das	O
ihm	O
nicht	O
zugemutet	O
werden	O
kann	O
.	O
Ich	O
empfehle	O
Ihnen	O
also	O
Herrn	O
Fischer	Person
zu	O
schreiben	O
:	O
Sie	O
tragen	O
seinen	O
Wünschen	O
insoweit	O
Rechnung	O
,	O
dass	O
das	O
Erscheinen	O
des	O
zweiten	O
Briefbandes	O
auf	O
dem	O
Büchermarkte	O
bis	O
1	O
.	O
Oktober	O
nächsten	O
Jahres	O
getätigt	O
sein	O
soll	O
.	O
Dabei	O
bleibt	O
es	O
seinem	O
Ermessen	O
überlassen	O
,	O
wann	O
er	O
zur	O
Innehaltung	O
dieser	O
Frist	O
mit	O
der	O
Her	O
-	O
stellung	O
beginnen	O
will	O
.	O
2	O
.	O
)	O
Was	O
den	O
Neudruck	O
der	O
10	O
-	O
bändigen	O
Ausgabe	O
anlangt	O
,	O
so	O
müssen	O
Sie	O
auf	O
diesem	O
unbedingt	O
bestehen	O
und	O
Herrn	O
Fischer	Person
beim	O
Wort	O
nehmen	O
,	O
dass	O
er	O
diese	O
Ausgabe	O
so	O
rasch	O
als	O
möglich	O
von	O
den	O
Platten	O
druckt	O
;	O
gleichviel	O
ob	O
er	O
nach	O
seinen	O
eigenen	O
Worten	O
schon	O
bis	O
zu	O
diesem	O
Weihnachten	O
fertig	O
wird	O
oder	O
etwas	O
später	O
.	O
Sie	O
dürfen	O
auch	O
nicht	O
von	O
den	O
vertraglichen	O
Bestimmungen	O
abgehen	O
,	O
die	O
Sie	O
in	O
den	O
Genuss	O
von	O
30	O
%	O
des	O
Ladenpreises	O
des	O
gehefteten	O
Exemplars	O
setzen	O
.	O
Dahingegen	O
können	O
Sie	O
Herrn	O
Fischer	Person
insoweit	O
entgegenkommen	O
,	O
dass	O
die	O
Abrechnung	O
über	O
den	O
Absatz	O
eines	O
Kalenderjahres	O
in	O
den	O
ersten	O
drei	O
Monaten	O
des	O
darauffolgen	O
-	O
den	O
Jahres	O
geregelt	O
wird	O
;	O
jedoch	O
mit	O
der	O
Einschränkung	O
,	O
dass	O
Sie	O
im	O
Laufe	O
/	O
des	O
betr	O
.	O
Kalenderjahres	O
vier	O
über	O
das	O
Jahr	O
verteilte	O
à	O
conto	O
-	O
Zahlungen	O
erhalten	O
,	O
deren	O
schätzungsweise	O
Höhe	O
insgesamt	O
zwei	O
Drittel	O
des	O
sich	O
ver	O
-	O
mutlich	O
ergebenden	O
Betrages	O
ausmacht	O
.	O
Sie	O
deuten	O
ihm	O
dabei	O
an	O
,	O
dass	O
Sie	O
sich	O
über	O
die	O
Höhe	O
dieser	O
à	O
conto	O
-	O
Zahlungen	O
gern	O
mit	O
ihm	O
auf	O
Grund	O
seiner	O
Vorschläge	O
einigen	O
werden	O
.	O
Sie	O
schreiben	O
ihm	O
ferner	O
,	O
dass	O
Ihr	O
Entgegen	O
-	O
kommen	O
in	O
Bezug	O
auf	O
den	O
Briefband	O
nur	O
gemacht	O
wird	O
in	O
Rücksicht	O
auf	O
den	O
sofort	O
in	O
Angriff	O
zu	O
nehmenden	O
‘	O
Druck	O
der	O
Gesamtaufgabe	O
und	O
davon	O
ab	O
-	O
hängig	O
ist	O
.	O
Alles	O
dies	O
schreiben	O
Sie	O
ihm	O
in	O
den	O
freundlichsten	O
Worten	O
,	O
die	O
eine	O
gewisse	O
Festigkeit	O
haben	O
,	O
aber	O
nicht	O
den	O
allermindesten	O
Grund	O
in	O
oder	O
zwischen	O
den	O
Zeilen	O
lassen	O
,	O
dass	O
Herr	O
Fischer	Person
Ihnen	O
gram	O
werden	O
könnte	O
.	O
Es	O
liegt	O
auch	O
meines	O
Erachtens	O
dazu	O
nicht	O
der	O
geringste	O
Anlass	O
vor	O
.	O
Denn	O
dass	O
Fischer	Person
sich	O
dem	O
ihm	O
höchst	O
unvorteilhaften	O
Vertrage	O
zu	O
entziehen	O
sucht	O
,	O
ist	O
durchaus	O
begreiflich	O
;	O
ebenso	O
begreiflich	O
,	O
dass	O
Sie	O
Ihr	O
vorteilhaftes	O
Recht	O
festhalten	O
.	O
Zweifellos	O
hat	O
Herr	O
Fischer	Person
diesen	O
Vertrag	O
geschlossen	O
,	O
um	O
sich	O
mit	O
dem	O
weithin	O
leuchtenden	O
Autor	O
Dehmel	Person
zu	O
schmücken	O
,	O
in	O
einer	O
Zeit	O
,	O
wo	O
ihm	O
s	O
eine	O
wirtschaftliche	O
Lage	O
einen	O
derartigen	O
Luxus	O
gestattete	O
.	O
Ebenso	O
zweifellos	O
aber	O
ist	O
es	O
,	O
dass	O
es	O
in	O
ganz	O
Deutschland	Ort
keinen	O
anderen	O
Verleger	O
heute	O
gibt	O
,	O
der	O
,	O
wenn	O
er	O
nicht	O
Selbstmord	O
treiben	O
will	O
,	O
Ihnen	O
einen	O
auch	O
nur	O
annähernd	O
so	O
guten	O
Vertrag	O
bieten	O
könnte	O
und	O
würde	O
.	O
Ganz	O
be	O
-	O
sonders	O
,	O
wenn	O
Sie	O
in	O
Betracht	O
ziehen	O
,	O
dass	O
der	O
neue	O
Verleger	O
das	O
ganze	O
Werk	O
auch	O
erst	O
neu	O
setzen	O
müsste	O
.	O
Mir	O
ist	O
es	O
überhaupt	O
unverständlich	O
,	O
wie	O
eine	O
Verleger	O
dem	O
Verfasser	O
30	O
%	O
vom	O
Ladenpreis	O
zahlen	O
kann	O
.	O
Doch	O
ist	O
mein	O
Verständnis	O
auch	O
bei	O
25	O
%	O
nicht	O
wesentlich	O
grösser	O
.	O
Der	O
Sorti	O
-	O
menterrabatt	O
,	O
die	O
Vertriebs	O
-	O
und	O
allgemeinen	O
Geschäftsspesen	O
verschlingen	O
/	O
heute	O
50	O
%	O
des	O
Ladenpreises	O
.	O
Bekommt	O
der	O
Autor	O
noch	O
30	O
%	O
,	O
sobleiben	O
20	O
%	O
übrig	O
.	O
Aus	O
diesen	O
20	O
%	O
sollen	O
also	O
die	O
Herstellungskosten	O
und	O
der	O
Gewinn	O
des	O
Verlegers	O
bestritten	O
werden	O
.	O
Das	O
ist	O
einfach	O
Unsinn	O
.	O
Aber	O
wie	O
schon	O
oben	O
angedeutet	O
:	O
das	O
habe	O
ich	O
nicht	O
zu	O
ver	O
-	O
treten	O
und	O
auch	O
Sie	O
nicht	O
.	O
Denn	O
Herr	O
Fischer	Person
ist	O
kein	O
Gegenstand	O
des	O
Mit	O
-	O
leids	O
.	O
Ich	O
empfehle	O
auch	O
,	O
da	O
Sie	O
Herrn	O
Fischer	Person
seit	O
Jahren	O
persönlich	O
kennen	O
,	O
eine	O
Bemerkung	O
in	O
den	O
Brief	O
einzuflechten	O
,	O
dass	O
Sie	O
zusammen	O
mit	O
Dehmels	Person
Kindern	Person
auf	O
den	O
Ertrag	O
aus	O
Dehmels	Person
Werken	O
angewiesen	O
sind	O
und	O
dass	O
Sie	O
von	O
ihm	O
im	O
Andenken	O
an	O
Dehmel	Person
erwarten	O
,	O
dass	O
er	O
an	O
den	O
vertraglichen	O
Abmachungen	O
gerade	O
in	O
diesem	O
Falle	O
festhält	O
.	O
Das	O
,	O
liebe	O
Frau	O
Isi	Person
,	O
ist	O
,	O
was	O
ich	O
Ihnen	O
zu	O
raten	O
habe	O
,	O
und	O
ich	O
lege	O
die	O
beiden	O
Briefe	O
von	O
Herrn	O
Fischer	Person
hier	O
wieder	O
bei	O
.	O
Zum	O
Schlusse	O
nochmals	O
der	O
Rat	O
:	O
keine	O
Schärfe	O
und	O
keinen	O
Bruch	O
,	O
wohl	O
aber	O
freundliche	O
Festigkeit	O
,	O
die	O
schon	O
zum	O
Ziele	O
führen	O
wird	O
.	O
Herzlichst	O
grüssend	O
Ihr	O
Kirstein	Person
.	O
Es	O
wird	O
Sie	O
freuen	O
zu	O
hören	O
,	O
daß	O
ich	O
Ehrendoctor	O
geworden	O
bin	O
!	O
Verehrte	O
gnädige	O
Frau	Person
!	O
Vielen	O
Dank	O
für	O
das	O
Adressen	O
-	O
Verzeichnis	O
.	O
Ich	O
lege	O
gleichzeitig	O
das	O
zur	O
Versendung	O
benutzte	O
Material	O
,	O
bestehend	O
aus	O
einem	O
Briefe	O
und	O
einem	O
kleinen	O
Heftchen	O
,	O
bei	O
.	O
Für	O
den	O
Fall	O
,	O
dass	O
Sie	O
selbst	O
oder	O
Herr	O
Dehmel	Person
in	O
dieser	O
Sache	O
etwas	O
direkt	O
tun	O
wollen	O
,	O
stelle	O
ich	O
das	O
entsprechende	O
Material	O
in	O
genügender	O
Anzahl	O
mit	O
Vergnügen	O
zur	O
Verfügung	O
.	O
Mit	O
vielen	O
Grüssen	O
Ihr	O
ergebenster	O
SFischer	Person
.	O
Verehrte	O
gnädige	O
Frau	Person
,	O
Sie	O
wollten	O
mir	O
liebenswürdiger	O
Weise	O
das	O
Verzeichnis	O
der	O
Vereine	O
,	O
an	O
die	O
ich	O
mich	O
im	O
Interes	O
-	O
se	O
Herman	Person
Bangs	Person
wenden	O
kann	O
,	O
zusenden	O
.	O
Darf	O
ich	O
gelegentlich	O
darum	O
bitten	O
?	O
Mit	O
vielen	O
Grüssen	O
Ihr	O
ergebener	O
SFischer	Person
.	O
Sehr	O
geehrte	O
gnädige	O
Frau	Person
!	O
Unter	O
den	O
Adressen	O
der	O
Literatischen	O
Vereine	O
,	O
die	O
Sie	O
die	O
Güte	O
hatten	O
,	O
uns	O
im	O
Interes	O
-	O
se	O
Herman	Person
Bangs	Person
aufzugeben	O
,	O
befanden	O
sich	O
auch	O
die	O
Akademisch	Organisation
Dramatische	Organisation
Gesellschaft	Organisation
,	O
Freiburg	Ort
in	O
Baden	Ort
und	O
der	O
Kaufmännische	Organisation
Verein	Organisation
,	O
Nürnberg	Ort
.	O
Diese	O
beiden	O
Briefe	O
sind	O
zurückgekommen	O
,	O
weil	O
sie	O
ohne	O
nähere	O
Bezeichnung	O
nicht	O
zugestellt	O
werden	O
können	O
.	O
Wäre	O
es	O
Ihnen	O
möglich	O
,	O
uns	O
die	O
Adressen	O
der	O
Vorsitzenden	O
dieser	O
beiden	O
Vereine	O
oder	O
eine	O
sonstige	O
nähere	O
Adresse	O
bekannt	O
zu	O
geben	O
?	O
Mit	O
bestem	O
Dank	O
im	O
Voraus	O
und	O
mit	O
vorzüglicher	O
Hochachtung	O
ergebenst	O
SFischer	Organisation
Verlag	Organisation
.	O
Liebe	O
gnädige	O
Frau	Person
,	O
vielen	O
Dank	O
für	O
die	O
Nachrichten	O
über	O
Dehmel	Person
.	O
Ich	O
habe	O
vorges	O
-	O
tern	O
von	O
ihm	O
eine	O
Karte	O
mit	O
guten	O
Nachrichten	O
bekommen	O
;	O
hoffentlich	O
gelangen	O
meine	O
Liebesgaben	O
in	O
seine	O
Hände	O
.	O
Das	O
kleine	O
Gedichtbüchlein	O
wird	O
also	O
nicht	O
erscheinen	O
;	O
da	O
einst	O
-	O
weilen	O
eine	O
neue	O
Ausgabe	O
von	O
“	O
Schöne	Werk
wilde	Werk
Welt	Werk
”	O
nicht	O
in	O
Betracht	O
kommt	O
,	O
kann	O
ja	O
alles	O
Andere	O
späteren	O
Entschlüssen	O
Dehmels	Person
vorbehalten	O
bleiben	O
.	O
Ich	O
bin	O
sehr	O
gern	O
bereit	O
,	O
Ihnen	O
in	O
dieser	O
schwierigen	O
Zeit	O
zur	O
Seite	O
zu	O
stehen	O
.	O
Ich	O
möchte	O
gern	O
wissen	O
,	O
wie	O
gross	O
die	O
Vierteljahres	O
-	O
rate	O
sein	O
soll	O
.	O
Seien	O
Sie	O
überzeugt	O
,	O
dass	O
ich	O
trotz	O
der	O
auch	O
für	O
mich	O
sehr	O
schwierigen	O
Verhältnisse	O
und	O
trotz	O
grosser	O
Verpflichtungen	O
,	O
die	O
sich	O
aus	O
der	O
gegenwärtigen	O
Situation	O
ergeben	O
,	O
das	O
Möglichste	O
zu	O
tun	O
mit	O
Vergnügen	O
bereit	O
bin	O
.	O
Mit	O
herzlichen	O
Grüssen	O
Ihr	O
ergebener	O
S.Fischer	Person
.	O
Verehrter	O
Herr	O
Fischer	Person
!	O
Zu	O
meiner	O
Freude	O
erfahre	O
ich	O
von	O
allen	O
Seiten	O
,	O
wie	O
viel	O
Interesse	O
die	O
Veröffentlichung	O
der	O
Dehmel	Person
-	O
Briefe	O
,	O
in	O
der	O
“	O
Rundschau	Organisation
”	O
erregt	O
.	O
Die	O
verschiedensten	O
Zeitungen	O
,	O
Zeitschriften	O
haben	O
bei	O
mir	O
angefragt	O
,	O
und	O
ich	O
werde	O
diesen	O
Einladungen	O
folgen	O
und	O
einzelne	O
Zusammenstellungen	O
veröffentlichen	O
.	O
Dabei	O
werde	O
ich	O
jedesmal	O
auf	O
die	O
komlete	O
Auswahl	O
hinweisen	O
,	O
was	O
in	O
der	O
Rundschau	Organisation
leider	O
ver	O
-	O
säumt	O
worden	O
ist	O
.	O
Ich	O
bin	O
jetzt	O
so	O
weit	O
mit	O
der	O
Sammlung	O
gekommen	O
,	O
dass	O
ich	O
Ihnen	O
Genaueres	O
darüber	O
mitteilen	O
kann	O
.	O
Ich	O
kann	O
das	O
Manuskript	O
fix	O
und	O
fertig	O
am	O
1	O
.	O
Mai	O
abliefern	O
und	O
frage	O
Sie	O
hierdurch	O
an	O
,	O
ob	O
bei	O
Innehaltung	O
dieses	O
Termins	O
die	O
Briefe	O
am	O
1	O
.	O
Oktober	O
erscheinen	O
können	O
,	O
denn	O
dass	O
sie	O
dann	O
fertig	O
vorliegen	O
,	O
ist	O
mein	O
lebhafter	O
Wunsch	O
.	O
Nach	O
den	O
Erfahrungen	O
,	O
die	O
ich	O
beim	O
Druck	O
der	O
Götterkommödie	Werk
gemacht	O
habe	O
,	O
möchte	O
ich	O
bitten	O
,	O
dass	O
mir	O
reichlich	O
Zeit	O
für	O
die	O
Drucklegung	O
bleibt	O
.	O
Dies	O
nicht	O
nur	O
wegen	O
der	O
genauen	O
Durchsicht	O
von	O
Korrektur	O
und	O
Revision	O
,	O
sondern	O
auch	O
darum	O
,	O
weil	O
Mombert	Person
und	O
zwei	O
anderer	O
unserer	O
Freunde	O
mit	O
mir	O
Korrektur	O
lesen	O
,	O
natürlich	O
nicht	O
nur	O
der	O
Druckfehler	O
wegen	O
,	O
sondern	O
um	O
die	O
Verantwortung	O
für	O
das	O
Ganze	O
mit	O
mir	O
zu	O
tragen	O
.	O
Ich	O
bin	O
z.Zt	O
.	O
mit	O
der	O
Ausarbeitung	O
des	O
Registers	O
beschäftigt	O
,	O
das	O
,	O
auf	O
breiter	O
Basis	O
aufgebaut	O
,	O
den	O
autobiographischer	O
Charakter	O
des	O
Werkes	O
vertiefen	O
soll	O
.	O
Literatur	O
-	O
historiker	O
Professor	O
Dr.	O
Robert	Person
Petsch	Person
in	O
Hamburg	Ort
ist	O
mein	O
ständiger	O
Berater	O
bei	O
diesem	O
Register	O
.	O
Ich	O
schätze	O
,	O
dass	O
der	O
Umfang	O
des	O
Registers	O
(	O
doppelspaltig	O
gesetzt	O
)	O
ca	O
20	O
Seiten	O
betragen	O
wird	O
;	O
das	O
ganze	O
Briefwerk	O
wird	O
,	O
wie	O
ich	O
von	O
Anfang	O
an	O
schrieb	O
,	O
2	O
Bände	O
vom	O
Umfang	O
des	O
Kriegstagebuchs	O
ergeben	O
.	O
Bitte	O
teilen	O
Sie	O
mir	O
mit	O
,	O
ob	O
ich	O
der	O
Druckerei	O
das	O
Register	O
auf	O
Kartothekkarten	O
schicken	O
kann	O
.	O
Mir	O
wurde	O
gestern	O
in	O
der	O
Druckerei	O
,	O
im	O
Verlag	O
meines	O
Schwagers	O
Bensheimer	Person
,	O
gesagt	O
,	O
dass	O
sie	O
alle	O
wissenschaftlichen	O
Register	O
von	O
Kartothekkarten	O
drucken	O
lassen	O
,	O
also	O
müsste	O
es	O
wohl	O
in	O
unserem	O
Fall	O
auch	O
gehen	O
.	O
Der	O
Druck	O
wird	O
nicht	O
ganz	O
einfach	O
sein	O
,	O
weil	O
es	O
sich	O
nicht	O
um	O
ein	O
maschinengeschriebenes	O
Manuskript	O
handelt	O
;	O
die	O
Co	O
-	O
pieen	O
sind	O
mit	O
mindestens	O
20	O
verschiedenen	O
Handschriften	O
herge	O
-	O
stellt	O
,	O
und	O
ich	O
habe	O
mir	O
eine	O
so	O
ausserordentliche	O
Mühe	O
mit	O
die	O
-	O
sem	O
Werk	O
gegeben	O
,	O
dass	O
ich	O
nicht	O
im	O
letzten	O
Moment	O
durch	O
Ueber	O
-	O
stürtzung	O
in	O
der	O
Druckerei	O
daran	O
verhindert	O
werden	O
möchte	O
,	O
die	O
Sammlung	O
so	O
herauszubringen	O
,	O
wie	O
sie	O
Dehmels	Person
würdig	O
ist	O
.	O
Ihren	O
Nachrichten	O
mit	O
besonderem	O
Interesse	O
entgegen	O
-	O
sehend	O
,	O
mit	O
freundlichster	O
Begrüssung	O
PS	O
.	O
wie	O
denken	O
Sie	O
über	O
Illustrationen	O
?	O
Ich	O
dachte	O
an	O
5	O
-	O
6	O
Bildbei	O
-	O
lagen	O
:	O
der	O
17	O
jährige	O
Dehmel	Person
,	O
eine	O
sehr	O
reizvolle	O
,	O
von	O
Dehmel	Person
ver	O
-	O
fertigte	O
Federzeichnung	O
aus	O
der	O
gleichen	O
Zeit	O
,	O
das	O
Vaterhaus	O
,	O
Dehmel	Person
im	O
Kreise	O
seiner	O
Familie	O
(	O
Blankenese	Ort
)	O
,	O
das	O
Blankeneser	O
Haus	O
und	O
die	O
letzte	O
Aufnahme	O
.	O
Verehrter	O
Herr	O
Fischer	Person
,	O
noch	O
ehe	O
ich	O
Ihre	O
Antwort	O
auf	O
meinen	O
Brief	O
vom	O
22	O
.	O
Mai	O
habe	O
,	O
muss	O
ich	O
Ihnen	O
eine	O
andere	O
Sache	O
vortragen	O
:	O
Am	O
30	O
.	O
Mai	O
wird	O
wie	O
ich	O
Ihnen	O
erzählte	O
,	O
bei	O
mir	O
im	O
Haus	O
die	O
Dehmel	Organisation
-	Organisation
Stiftung	Organisation
gegründet	O
.	O
Nun	O
hat	O
mir	O
heute	O
Herr	O
Kirstein	Person
einen	O
Vorschlag	O
gemacht	O
,	O
der	O
mir	O
ausserordentlich	O
einleuchtet	O
,	O
den	O
ich	O
aber	O
dem	O
Verwaltungsrat	O
nicht	O
vorschlagen	O
möchte	O
,	O
ehe	O
ich	O
Ihre	O
Ansicht	O
dar	O
-	O
über	O
weiss	O
.	O
Herr	O
Kirstein	Person
ist	O
der	O
Meinung	O
,	O
und	O
ich	O
teile	O
sie	O
,	O
dass	O
es	O
leicht	O
sein	O
dürfte	O
,	O
alle	O
Subskribenten	O
des	O
Jugendtagebuchs	O
Mitglieder	O
einer	O
Dehmel	Organisation
-	Organisation
Gesellschaft	Organisation
zu	O
werben	O
.	O
Der	O
Jahresbeitrag	O
würde	O
Mk	O
.	O
100	O
.	O
—	O
—	O
betragen	O
.	O
Als	O
Gegengabe	O
würde	O
die	O
Dehmel	Organisation
-	Organisation
Stiftung	Organisation
jedes	O
Jahr	O
eine	O
Gabe	O
aus	O
dem	O
Material	O
des	O
Archivs	O
drucken	O
lassen	O
.	O
Er	O
denkt	O
dabei	O
an	O
kleine	O
“	O
intime	O
Hefte	O
”	O
verschiedenen	O
Inhalts	O
.	O
Herr	O
Kirstein	Person
rechnet	O
damit	O
dass	O
diese	O
Hefte	O
regelmässig	O
auf	O
der	O
Akademie	O
in	O
Leipzig	Ort
gedruckt	O
werden	O
und	O
nach	O
seiner	O
Kalkulation	O
würde	O
dieses	O
Unter	O
-	O
nehmen	O
einen	O
jährlichen	O
Ueberschuss	O
von	O
Mk	O
.	O
20.000	O
.	O
—	O
—	O
ergeben	O
.	O
Damit	O
wäre	O
natürlich	O
die	O
Erhaltung	O
des	O
Dehmel	O
-	O
Hauses	O
gesichert	O
.	O
Ich	O
bin	O
durchaus	O
der	O
Ueberzeugung	O
,	O
dass	O
die	O
Veröffentlichung	O
dieser	O
Hefte	O
der	O
Dehmel	Organisation
-	Organisation
Gesellschaft	Organisation
mit	O
Ihren	O
Veröffentlichungen	O
in	O
nichts	O
kollidiert	O
.	O
Ich	O
bin	O
sogar	O
durchaus	O
der	O
Meinung	O
,	O
dass	O
sie	O
dem	O
Dehmel	Person
	O
schen	O
Werke	O
sehr	O
zugute	O
kommt	O
,	O
indem	O
sie	O
das	O
Interesse	O
für	O
seine	O
Werke	O
wach	O
erhält	O
.	O
Trotzdem	O
möchte	O
ich	O
natürlich	O
Ihre	O
Meinung	O
darüber	O
wissen	O
.	O
Um	O
Ihnen	O
anzudeuten	O
,	O
an	O
welche	O
Art	O
der	O
Veröffentlichung	O
Herr	O
Kirstein	Person
denkt	O
,	O
nenne	O
ich	O
Ihnen	O
einige	O
Themen	O
.	O
Die	O
Mutter	Person
Dehmels	Person
hat	O
einmal	O
auf	O
meinen	O
Wunsch	O
für	O
mich	O
ihre	O
Erinnerungen	O
an	O
Dehmels	Person
Jugend	O
aufgeschrieben	O
.	O
Es	O
sind	O
nur	O
etwa	O
15	O
Seiten	O
,	O
die	O
für	O
die	O
Oeffentlichkeit	O
absolut	O
nicht	O
in	O
Betracht	O
kommen	O
,	O
aber	O
in	O
Verbindung	O
mit	O
Jugendbildern	O
etc.	O
ein	O
sehr	O
reizvolles	O
kleines	O
Heft	O
ergeben	O
würden	O
.	O
Ebenso	O
würde	O
ich	O
aus	O
den	O
Tagebüchern	O
,	O
die	O
ich	O
während	O
20	O
Jahren	O
geführt	O
habe	O
,	O
allerlei	O
Anekdotisches	O
und	O
Ernstes	O
an	O
Dehmel	Person
-	O
Erinnerungen	O
zu	O
einem	O
Heft	O
vereinigen	O
.	O
Ein	O
wei	O
-	O
teres	O
Heft	O
könnte	O
heissen	O
:	O
Dehmel	Person
und	O
die	O
Judenfrage	O
.	O
Dehmel	Person
und	O
die	O
bildende	O
Kunst	O
.	O
Dehmel	Person
auf	O
Reise	O
.	O
Widmungsgedichte	O
an	O
Dehmel	Person
.	O
Auch	O
eine	O
besonders	O
wertvolle	O
Doktorarbeit	O
über	O
Dehmel	Person
könnte	O
in	O
dieser	O
Folge	O
sehr	O
wohl	O
erscheinen	O
.	O
Hiermit	O
glaube	O
ich	O
,	O
Ihnen	O
ein	O
klares	O
Bild	O
dessen	O
gegeben	O
zu	O
haben	O
,	O
was	O
Herr	O
Kirstein	Person
mir	O
vorgeschlagen	O
hat	O
,	O
und	O
ich	O
wäre	O
Ihnen	O
für	O
baldige	O
Antwort	O
sehr	O
dankbar	O
,	O
damit	O
wir	O
am	O
Montag	O
die	O
Sache	O
ent	O
-	O
scheinen	O
können	O
.	O
Mit	O
besten	O
Grüssen	O
.	O
Sehr	O
verehrter	O
Herr	O
Fischer	Person
!	O
Da	O
nun	O
anscheinend	O
die	O
Vollendung	O
des	O
1	O
.	O
Bandes	O
der	O
Dehmel	Person
-	O
Briefe	O
vor	O
der	O
Tür	O
steht	O
,	O
möchte	O
ich	O
Sie	O
fragen	O
,	O
wie	O
Sie	O
über	O
die	O
Versendung	O
der	O
Exemplare	O
an	O
die	O
Brief	O
-	O
Empfänger	O
denken	O
.	O
Ich	O
schrieb	O
Ihnen	O
im	O
letzten	O
Jahree	O
schon	O
einmal	O
,	O
dass	O
ich	O
es	O
für	O
unbedingt	O
notwendig	O
halte	O
,	O
dass	O
jeder	O
dau	O
-	O
ernde	O
Empfänger	O
von	O
Dehmel	Person
-	O
Briefen	O
ein	O
Exemplar	O
unberechnet	O
erhält	O
,	O
weil	O
ja	O
ohne	O
die	O
Bereitwilligkeit	O
dieser	O
Empfänger	O
,	O
die	O
Sammlung	O
nicht	O
zu	O
Stande	O
hätte	O
kommen	O
können	O
.	O
Ich	O
habe	O
Ihnen	O
auf	O
beiliegendem	O
Zettel	O
ein	O
Verzeichnis	O
der	O
Brief	O
-	O
Empfänger	O
des	O
1	O
.	O
Bandes	O
aufgeschrieben	O
,	O
von	O
denen	O
ich	O
gern	O
hätte	O
,	O
dass	O
sie	O
von	O
Ihrem	O
Verlag	O
aus	O
verschickt	O
würden	O
.	O
Einige	O
davon	O
,	O
spezielle	O
Freunde	O
,	O
habe	O
ich	O
Ihnen	O
nicht	O
aufgeschrieben	O
,	O
weil	O
ich	O
die	O
betreffenden	O
Exemplare	O
mit	O
persönlicher	O
Widmung	O
versehen	O
will	O
.	O
Wie	O
ist	O
es	O
nun	O
mit	O
den	O
Brief	O
-	O
Empfängern	O
,	O
die	O
im	O
2	O
.	O
Bande	O
erst	O
auftauchen	O
,	O
aber	O
dann	O
wohl	O
zahlreich	O
vertreten	O
sind	O
.	O
Es	O
ist	O
doch	O
sicher	O
nicht	O
abgängig	O
,	O
diesen	O
erst	O
den	O
2	O
.	O
Nand	O
zu	O
schicken	O
,	O
sondern	O
wir	O
müssen	O
sie	O
mit	O
beiden	O
Bänden	O
bedenken	O
,	O
wie	O
wir	O
auch	O
den	O
Empfängern	O
,	O
die	O
nur	O
im	O
1	O
.	O
Band	O
ver	O
-	O
treten	O
sind	O
,	O
dann	O
duch	O
wohl	O
auch	O
den	O
2	O
.	O
Band	O
liefern	O
müssen	O
.	O
Und	O
wäre	O
es	O
wohl	O
möglich	O
,	O
eine	O
Karte	O
beizulegen	O
,	O
etwa	O
des	O
Inhalts	O
:	O
Oeberreicht	O
auf	O
Veranlassung	O
von	O
Frau	O
Ida	Person
Dehmel	Person
.	O
Einige	O
der	O
Brief	O
-	O
Empfänger	O
hätten	O
ja	O
wohl	O
ohnehin	O
die	O
Bände	O
als	O
Recensions	O
-	O
Exemplare	O
bekommen	O
,	O
wie	O
z.	O
B.	O
Julius	Person
Bab	Person
,	O
etc.	O
.	O
Es	O
ist	O
mir	O
nicht	O
mitgeteilt	O
worden	O
,	O
wie	O
hoch	O
die	O
Auflage	O
des	O
ersten	O
Bandes	O
ist	O
,	O
es	O
wäre	O
mir	O
angenehm	O
,	O
das	O
zu	O
erfahren	O
,	O
und	O
auch	O
wieviel	O
Frei	O
-	O
Exemplare	O
ich	O
bekomme	O
.	O
Nun	O
noch	O
eine	O
Sache	O
:	O
Mein	O
Schwager	Person
in	O
Amerika	Ort
hat	O
mir	O
mitgeteilt	O
,	O
dass	O
er	O
2	O
amerikanischen	O
Universitäten	O
,	O
die	O
sämtliche	O
Werke	O
Dehmels	Person
in	O
den	O
besten	O
noch	O
existierenden	O
Ausgaben	O
schenken	O
will	O
,	O
also	O
:	O
1	O
.	O
die	O
zehnbändige	O
Ausgabe	O
2	O
.	O
die	O
nachher	O
erschienenen	O
Bände	O
,	O
incl.	O
des	O
1	O
.	O
Briefbandes	O
.	O
Ich	O
bitte	O
um	O
Mitteilung	O
,	O
in	O
welchen	O
Ausgaben	O
das	O
10	O
bändige	O
Werk	O
noch	O
da	O
ist	O
,	O
damit	O
ich	O
bestimmen	O
kann	O
,	O
welche	O
nach	O
San	Ort
Franzisco	Ort
geschickt	O
werden	O
soll	O
.	O
Mein	O
Schwager	Person
(	O
Karl	Person
Dehmel	Person
,	O
Berkelay	Ort
,	O
b.	O
San	Ort
Franzisco	Ort
,	O
2225	O
Blake	Ort
Street	Ort
)	O
bittet	O
ausserdem	O
,	O
ihm	O
von	O
1	O
.	O
Jan.	O
22	O
an	O
,	O
die	O
Neue	Organisation
Rundschau	Organisation
im	O
Jahres	O
-	O
Abonnement	O
zuzuschicken	O
.	O
Verzeihen	O
Sie	O
,	O
dass	O
ich	O
Ihnen	O
diesen	O
Kleinkram	O
schreibe	O
,	O
aber	O
Sie	O
wissen	O
ja	O
,	O
dass	O
ich	O
schwer	O
augenleidend	O
bin	O
,	O
und	O
infolgedessen	O
geht	O
nun	O
alles	O
bei	O
mir	O
etwas	O
durcheinander	O
.	O
Mit	O
freundlichen	O
Grüssen	O
.	O
Sehr	O
geehrter	Werk
Herr	O
Fischer	Person
.	O
Ich	O
kann	O
mich	O
mit	O
dem	O
Inhalt	O
Ihres	O
Briefes	O
nicht	O
einver	O
-	O
standen	O
erklären	O
.	O
Dass	O
Neu	O
-	O
Auflagen	O
Dehmel	Person
	O
scher	O
Werke	O
wieder	O
not	O
-	O
wendig	O
geworden	O
sind	O
,	O
ist	O
gewiss	O
erfreulich	O
,	O
hat	O
aber	O
mit	O
den	O
Brief	O
-	O
bänden	O
nicht	O
das	O
Geringste	O
zu	O
tun	O
.	O
Es	O
kann	O
doch	O
kein	O
Zweifel	O
darü	O
-	O
ber	O
bestehen	O
,	O
dass	O
die	O
Unkosten	O
eines	O
Buches	O
gedeckt	O
sind	O
,	O
wenn	O
mehr	O
als	O
2/3	O
der	O
Auflage	O
verkauft	O
ist	O
.	O
Die	O
Sache	O
liegt	O
nach	O
meiner	O
Mei	O
-	O
nung	O
folgendermassen	O
:	O
In	O
den	O
ersten	O
4	O
Monaten	O
nach	O
Erscheinen	O
des	O
Buches	O
sind	O
2100	O
Exemplare	O
verkauft	O
.	O
Die	O
restierenden	O
900	O
werden	O
nach	O
den	O
ausgezeichneten	O
Besprechungen	O
gerade	O
der	O
letzten	O
Zeit	O
aller	O
Vor	O
-	O
aussicht	O
nach	O
in	O
den	O
nächsten	O
2	O
Monaten	O
verkauft	O
werden	O
.	O
Es	O
müsste	O
der	O
Neudruck	O
des	O
ersten	O
Bandes	O
also	O
eigentlich	O
schon	O
jetzt	O
in	O
An	O
-	O
griff	O
genommen	O
werden	O
;	O
die	O
Herstellungskosten	O
steigen	O
ja	O
immer	O
wei	O
-	O
ter	O
,	O
und	O
dann	O
sollte	O
doch	O
das	O
Buch	O
für	O
den	O
Winter	O
und	O
zum	O
Weihnachts	O
-	O
fest	O
reichlich	O
vorhanden	O
sein	O
.	O
(	O
Es	O
ist	O
eine	O
beträchtliche	O
Anzahl	O
Druckfehler	O
zu	O
verbessern	O
.	O
)	O
Da	O
der	O
Druck	O
des	O
2	O
.	O
Bandes	O
zu	O
beginnen	O
hat	O
,	O
sobald	O
der	O
erste	O
seine	O
Kosten	O
gedeckt	O
hat	O
,	O
so	O
verstehe	O
ich	O
bei	O
diesen	O
Absatz	O
-	O
ziffern	O
nicht	O
,	O
wieso	O
Sie	O
mir	O
schreiben	O
,	O
dass	O
Sie	O
sich	O
erst	O
einige	O
Wochen	O
nach	O
dem	O
Jahrabschluss	O
zu	O
dieser	O
Frage	O
äussern	O
wollen	O
.	O
Ich	O
bin	O
überzeugt	O
,	O
dass	O
es	O
sowohl	O
für	O
den	O
Verkauf	O
des	O
ersten	O
Briefbandes	O
,	O
wie	O
überhaupt	O
für	O
den	O
Verkauf	O
aller	O
Dehmel	Person
	O
schen	O
Bücher	O
von	O
beson	O
-	O
derem	O
Wert	O
wäre	O
,	O
wenn	O
beide	O
Briefbände	O
zeitig	O
zum	O
Weihnachtskauf	O
da	O
wären	O
.	O
Ich	O
bin	O
Ende	O
Juli	O
wieder	O
in	O
Blankenese	Ort
und	O
bitte	O
Sie	O
,	O
mir	O
dann	O
sofort	O
das	O
Manuskript	O
incl.	O
.	O
Register	O
des	O
2	O
.	O
Bandes	O
dorthin	O
über	O
-	O
mitteln	O
zu	O
wollen	O
,	O
da	O
ich	O
noch	O
einiges	O
zu	O
ändern	O
habe	O
.	O
Mit	O
besten	O
Grüssen	O
.	O
Verehrlicher	O
Verlag	Organisation
,	O
hier	O
ist	O
nun	O
das	O
endgültige	O
Register	O
für	O
das	O
Dehmel	Person
-	O
Büchlein	O
,	O
wie	O
ich	O
es	O
unter	O
möglichster	O
Berücksichtigung	O
der	O
Knab	Person
	O
sche	O
Vorschläge	O
mit	O
Mobmbert	Person
festgelegt	O
habe	O
.	O
Es	O
sind	O
60	O
Gedichte	O
,	O
die	O
be	O
-	O
quem	O
auf	O
4	O
Bogen	O
zu	O
drucken	O
sind	O
.	O
Es	O
sind	O
drei	O
Teile	O
,	O
die	O
ich	O
gern	O
in	O
leiser	O
Form	O
als	O
solche	O
markiert	O
hätte	O
.	O
Vielleicht	O
kann	O
man	O
den	O
Druck	O
so	O
einrichten	O
,	O
dass	O
nachd	O
dem	O
jeweils	O
letzten	O
Gedicht	O
der	O
zwei	O
ersten	O
Teile	O
eine	O
halbe	O
Seite	O
frei	O
bleibt	O
.	O
Mombert	Person
ist	O
unbedingt	O
da	O
-	O
für	O
,	O
dass	O
der	O
von	O
Dehmel	Person
gewünschte	O
Titel	O
:	O
“	O
Meine	Werk
Lieder	Werk
”	O
in	O
der	O
Form	O
beibehalten	O
wird	O
,	O
dass	O
wir	O
das	O
Büchlein	O
nennen	O
:	O
“	O
Dehmels	Werk
Lieder	Werk
”	O
,	O
darunter	O
als	O
Untertitel	O
“	O
Eine	Werk
Auswahl	Werk
”	O
oder	O
“	O
Auswahl	Werk
”	O
,	O
wie	O
Ihnen	O
das	O
besser	O
gefällt	O
.	O
Das	O
Format	O
möchte	O
ich	O
bitten	O
,	O
möglichst	O
schmal	O
zu	O
wählen	O
,	O
so	O
dass	O
das	O
Büchlein	O
wirklich	O
eine	O
Taschenausgabe	O
wird	O
.	O
Die	O
Höhe	O
wäre	O
am	O
schönsten	O
so	O
,	O
dass	O
das	O
längste	O
der	O
Gedichte	O
auf	O
eine	O
Seite	O
geht	O
.	O
Von	O
den	O
kleineren	O
können	O
dann	O
immer	O
zwei	O
auf	O
eine	O
Seite	O
.	O
Nun	O
schreibt	O
Herr	O
Fischer	Person
in	O
seinem	O
letzten	O
Brief	O
etwas	O
darüber	O
,	O
dass	O
es	O
ein	O
billiges	O
Buch	O
heutzutage	O
überhaupt	O
nicht	O
mehr	O
gibt	O
.	O
Aber	O
der	O
Begriff	O
billig	O
ist	O
ja	O
relativ	O
.	O
Wenn	O
das	O
Büchlein	O
einen	O
Grundpreis	O
von	O
1	O
.	O
—	O
M	O
hat	O
,	O
so	O
ist	O
es	O
trotz	O
des	O
hohen	O
Bücherin	O
-	O
dex	O
immer	O
noch	O
billiger	O
im	O
Vergleich	O
zu	O
den	O
“	O
Hundert	Werk
ausgewählten	Werk
Gedichten	Werk
”	O
mit	O
ihrer	O
um	O
so	O
viel	O
höheren	O
Grundziffer	O
.	O
Nun	O
hat	O
mich	O
in	O
Ihrem	O
letzten	O
von	O
Herrn	O
Auerbach	Person
signierten	O
Brief	O
ein	O
Wort	O
stutzig	O
gemacht	O
.	O
Es	O
ist	O
da	O
die	O
Rede	O
von	O
einer	O
eventuellen	O
Herstellung	O
des	O
Dehmel	Person
-	O
Büchleins	O
.	O
Ich	O
bitte	O
Sie	O
freundlichst	O
in	O
Ihrer	O
Antwort	O
um	O
endgültigen	O
Bescheid	O
,	O
ob	O
Sie	O
das	O
Büchlein	O
in	O
der	O
vorliegenden	O
Form	O
zum	O
60	O
.	O
Geburtstag	O
Dehmels	Person
drucken	O
wollen	O
oder	O
nicht	O
.	O
Die	O
Idee	O
der	O
Liederausgabe	O
findet	O
so	O
viel	O
Interesse	O
,	O
dass	O
ich	O
sie	O
auf	O
keinen	O
Fall	O
unterlassen	O
möchte	O
.	O
Ihrem	O
Bescheid	O
entgegensehend	O
mit	O
ausgezeichneter	O
Hochachtung	O
.	O
Verehrte	O
gnädige	O
Frau	Person
!	O
Das	O
kleine	O
Liederbuch	O
im	O
Taschenformat	O
ist	O
in	O
Arbeit	O
.	O
Damit	O
es	O
so	O
billig	O
wie	O
möglich	O
zu	O
haben	O
ist	O
,	O
will	O
ich	O
eine	O
steif	O
-	O
geheftete	O
Ausgabe	O
und	O
eine	O
,	O
in	O
Pappe	O
gebundene	O
herausgeben	O
.	O
Sie	O
sind	O
doch	O
wohl	O
auch	O
der	O
Meinung	O
,	O
dass	O
in	O
erster	O
Linie	O
der	O
relativ	O
billige	O
Preis	O
in	O
Frage	O
steht	O
.	O
Die	O
Dehmel	Person
-	O
Freier	O
wird	O
am	O
18	O
.	O
November	O
im	O
Lesssing	Organisation
—	Organisation
theater	Organisation
stattfinden	O
.	O
Haben	O
Sie	O
besondere	O
Wünsche	O
wegen	O
der	O
Wahl	O
der	O
musikalischen	O
und	O
vortragenden	O
Kräfte	O
,	O
so	O
bitte	O
ich	O
um	O
Vor	O
-	O
schläge	O
.	O
Wegen	O
der	O
Schulferien	O
haben	O
wir	O
uns	O
mit	O
dem	O
Kultus	O
-	O
ministerium	O
in	O
Verbindung	O
gesetzt	O
.	O
Der	O
betreffende	O
Dezernent	O
,	O
Herr	O
Geheimrat	Person
Schelleberg	Person
ist	O
verreist	O
,	O
wir	O
müssen	O
warten	O
,	O
bis	O
er	O
wiederkommt	O
.	O
Vielleicht	O
können	O
Sie	O
mir	O
die	O
Zusammenstellung	O
für	O
die	O
Schulen	O
,	O
von	O
der	O
Sie	O
in	O
Ihrer	O
Karte	O
sprechen	O
,	O
zuschicken	O
.	O
Mit	O
besten	O
Grüssen	O
,	O
Ihr	O
ergebener	O
SFischer	Person
.	O
Wir	O
haben	O
Sonnabends	O
den	O
24	O
29ten	O
Ihnen	O
und	O
Frau	O
Tügel	Person
a	O
Canta	O
weitere	O
der	O
Abrechnung	O
Il	O
500	O
Millionen	O
überwiesen	O
.	O
Sehr	O
geehrter	O
Herr	O
Fischer	Person
,	O
Ich	O
habe	O
über	O
Ihre	O
beiden	O
Briefe	O
vom	O
6	O
.	O
&	O
16	O
.	O
November	O
mit	O
zwei	O
mir	O
befreundeten	O
Verlegern	O
besprochen	O
und	O
muss	O
Ihnen	O
sagen	O
,	O
dass	O
selb	O
diese	O
beiden	O
Sachverständigen	O
nicht	O
genau	O
verstanden	O
haben	O
,	O
wie	O
Sie	O
den	O
neuen	O
Zahlungsmodus	O
denken	O
.	O
Ich	O
muss	O
Sie	O
daher	O
um	O
nähere	O
Aufklä	O
-	O
rung	O
bitten	O
,	O
und	O
zwar	O
würde	O
dies	O
am	O
besten	O
geschehen	O
,	O
wenn	O
Sie	O
irgend	O
einen	O
fiktiven	O
Preis	O
ansetzten	O
und	O
dann	O
die	O
bisherigen	O
und	O
die	O
nun	O
vo	O
Ihnen	O
vorgeschlagenen	O
Zahlungsart	O
darlegten	O
.	O
Meine	O
beiden	O
Freunde	O
sind	O
der	O
Meinung	O
—	O
soweit	O
sie	O
Ihre	O
Ausführungen	O
verstehen	O
—	O
dass	O
der	O
vor	O
-	O
geschlagene	O
Zahlungsmodus	O
für	O
die	O
Dehmel	Person
	O
schen	O
Erben	O
erheblich	O
ungün	O
-	O
stiger	O
ist	O
als	O
der	O
bisherige	O
,	O
selbst	O
wenn	O
wir	O
in	O
Anschlag	O
bringen	O
,	O
da	O
die	O
monatliche	O
Auszahlung	O
einen	O
erheblichen	O
Vorteil	O
gegenüber	O
der	O
jährlichen	O
bedeutet	O
.	O
Vor	O
allem	O
ist	O
nicht	O
zu	O
verstehen	O
,	O
wieso	O
sich	O
das	O
Verrechnungsverfahren	O
vereinfachen	O
würde	O
,	O
und	O
aus	O
diesem	O
Grunde	O
wollen	O
doch	O
,	O
wie	O
Sie	O
schreiben	O
,	O
den	O
neuen	O
Modus	O
einführen	O
.	O
Auch	O
die	O
zukünfti	O
-	O
ge	O
Verrechnungsweise	O
muss	O
doch	O
jder	O
Preisveränderung	O
folgen	O
,	O
wenn	O
sie	O
den	O
fortwähren	O
notwendig	O
werdenden	O
Preiserhöhungen	O
auch	O
in	O
unserem	O
Interessefolgen	O
soll	O
.	O
Meine	O
Freunde	O
können	O
sich	O
nur	O
vorstellen	O
,	O
dass	O
unter	O
den	O
“	O
tatsächlichen	O
Bareinnahmen	O
”	O
den	O
Buchhandelspreis	O
meinen	O
und	O
dieser	O
ist	O
ja	O
sehr	O
viel	O
kleiner	O
als	O
der	O
bisher	O
zwischen	O
uns	O
verrechnete	O
Ladenpreis	O
,	O
da	O
die	O
Tantieme	O
eine	O
erheblich	O
höhere	O
sein	O
müsste	O
als	O
bisher	O
.	O
Jedenfalls	O
kann	O
ich	O
mich	O
zu	O
dem	O
Vorschlag	O
nicht	O
äussern	O
,	O
ehe	O
Sie	O
mir	O
eine	O
präcise	O
Darlegung	O
Ihres	O
Vorschlags	O
geben	O
.	O
-	O
Im	O
Prinzip	O
möchte	O
ich	O
nur	O
noch	O
bemerken	O
,	O
dass	O
die	O
von	O
Ihnen	O
immer	O
wieder	O
betonte	O
wirtschaftliche	O
Katastrophe	O
doch	O
den	O
Autor	O
resp	O
.	O
dessen	O
Familie	O
genauso	O
trifft	O
wie	O
den	O
Verleger	O
,	O
ja	O
sogar	O
viel	O
stärker	O
,	O
da	O
wir	O
nicht	O
in	O
der	O
Lage	O
sind	O
,	O
irgend	O
einen	O
Ausgleich	O
zu	O
schaffen	O
wie	O
jeder	O
Geschäftsmann	O
das	O
kann	O
.	O
Mit	O
besten	O
Grüssen	O
.	O
Wir	O
teilen	O
Ihnen	O
ergebenst	O
mit	O
,	O
dass	O
wir	O
unsere	O
Firma	O
in	O
eine	O
Aktiengesellschaft	O
umgewandelt	O
haben	O
.	O
Herr	O
S.	Person
Fischer	Person
wird	O
mit	O
seinen	O
Mitarbeitern	O
nach	O
wie	O
vor	O
die	O
Geschäfte	O
führen	O
.	O
In	O
den	O
Aufsichtsrat	O
wurden	O
gewählt	O
die	O
Herren	O
Julius	Person
Meier	Person
-	Person
Graefe	Person
;	O
Staatssekretär	O
a.	O
D.	O
Professor	O
Wichard	Person
von	Person
Möllendorf	Person
;	O
Rechtsanwalt	O
Leo	Person
Pinner	Person
und	O
Rechtsanwalt	O
und	O
Notar	O
Dr.	O
Richard	Person
Wrzeszinski	Person
.	O
Hochachtungsvoll	O
S.Fischer	Organisation
Verlag	Organisation
.	O
Die	O
Umgründung	O
erfolgt	O
umdem	O
Unternehmen	O
eine	O
stärkere	O
Finanzbasis	O
zu	O
sichern	O
.	O
Für	O
die	O
Leitung	O
bleibe	O
S.	Person
Fischer	Person
ich	O
verantwortlich	O
.	O
Liebe	O
verehrte	O
gnädige	O
Frau	Person
,	O
wir	O
veranstalten	O
Sonntag	O
den	O
22	O
.	O
Februar	O
,	O
Mittags	O
1	O
Uhr	O
im	O
Saale	O
der	O
Berliner	O
Secession	O
,	O
Kurfürstendamm	O
232	O
eine	O
Gedenk	O
-	O
feier	O
für	O
Richard	Person
Dehmel	Person
.	O
Die	O
Gedächtnisrede	O
wird	O
Prof.	O
Schleich	Person
halten	O
,	O
Moissi	Person
wird	O
Gedichte	O
Dehmels	Person
lesen	O
und	O
das	O
Wittenberg	O
-	O
Trio	O
wird	O
die	O
Feier	O
musikalisch	O
abschliessen	O
.	O
Wir	O
hoffen	O
,	O
es	O
wird	O
noch	O
möglich	O
sein	O
,	O
dass	O
Ansorge	Person
die	O
Feier	O
mit	O
dem	O
Trauermarsch	Werk
von	O
Chopin	Person
eröffnet	O
,	O
zu	O
dem	O
dann	O
Moissi	Person
den	O
Text	O
in	O
der	O
Dehmelschen	O
Uebersetzung	O
von	O
Ujerski	Person
sprechen	O
würde	O
.	O
Ansorge	Person
ist	O
aber	O
verreist	O
und	O
wir	O
können	O
Bescheid	O
erst	O
Ende	O
der	O
Woche	O
bekommen	O
.	O
Die	O
Einladung	O
an	O
geladene	O
Gäste	O
,	O
an	O
Freunde	O
und	O
Verehrer	O
Dehmels	Person
erfolgt	O
im	O
Namen	O
von	O
Gerhart	Person
Hauptmann	Person
,	O
Lovis	Person
Corinth	Person
,	O
Julius	Person
Meier	Person
-	Person
Gräfe	Person
,	O
C.L.	Person
Schleich	Person
,	O
Moritz	Person
Heimann	Person
und	O
S.	Person
Fischer	Person
.	O
Natürlich	O
wird	O
auch	O
die	O
Presse	O
,	O
Kunst	O
und	O
Literatur	O
geladen	O
,	O
und	O
wenn	O
Sie	O
sich	O
entschliessen	O
könnten	O
,	O
dieser	O
Feier	O
beizuwohnen	O
,	O
so	O
würde	O
damit	O
gewiss	O
die	O
weihevolle	O
Stunde	O
eine	O
erhöhte	O
Bedeutung	O
bekommen	O
.	O
Ich	O
wäre	O
Ihnen	O
dankbar	O
,	O
wenn	O
Sie	O
mir	O
schreiben	O
liessen	O
,	O
ob	O
wir	O
hier	O
in	O
Berlin	Ort
eine	O
gute	O
Büste	O
von	O
Dehmel	Person
leihweise	O
bekommen	O
könnten	O
.	O
Auch	O
wäre	O
ich	O
dankbar	O
,	O
wenn	O
Sie	O
uns	O
die	O
Adressen	O
der	O
Kinder	O
,	O
Verwandten	O
und	O
engeren	O
Freunde	O
Dehmels	Person
mitteilen	O
wollten	O
,	O
damit	O
keiner	O
übersehen	O
wird	O
.	O
Mit	O
vielen	O
Grüssen	O
Ihr	O
ergebener	O
SFischer	Person
.	O
Liebe	O
Frau	O
Dehmel	Person
,	O
es	O
freut	O
mich	O
sehr	O
,	O
Ihnen	O
mitteilen	O
zu	O
können	O
,	O
dass	O
wir	O
von	O
“	O
Aber	Werk
die	Werk
Liebe	Werk
”	O
die	O
7	O
.	O
Auflage	O
drucken	O
.	O
Das	O
Honorar	O
dafür	O
im	O
Betrage	O
von	O
M.	O
875	O
.	O
—	O
überweisen	O
wir	O
gleichzeitig	O
Ihrem	O
Conto	O
bei	O
der	O
Dresdner	Organisation
Bank	Organisation
in	O
Hamburg	Ort
.	O
Die	O
mir	O
freundlichst	O
avisierten	O
Tagebücher	O
von	O
Dehmel	Person
hat	O
Heimann	Person
,	O
wie	O
er	O
mir	O
gesagt	O
hat	O
,	O
bis	O
jetzt	O
noch	O
nicht	O
bekommen	O
,	O
was	O
ich	O
der	O
Ordnung	O
wegen	O
erwähne	O
.	O
Mit	O
besten	O
Grüssen	O
Ihr	O
S.Fischer	Person
.	O
1	O
Liebe	O
gnädige	O
Frau	Person
,	O
ich	O
habe	O
mit	O
Heimann	Person
die	O
Abdrucksfrage	O
in	O
der	O
“	O
Neuen	Organisation
freien	Organisation
Presse	Organisation
”	O
besprochen	O
;	O
wir	O
sind	O
beide	O
der	O
Meinung	O
,	O
dass	O
es	O
nicht	O
zu	O
machen	O
ist	O
.	O
Zunächst	O
würde	O
es	O
überhaupt	O
schwer	O
fallen	O
,	O
einen	O
Abschnitt	O
von	O
3000	O
Worten	O
auszuwählen	O
,	O
der	O
an	O
den	O
Klippen	O
der	O
Zensur	O
gefahrlos	O
vorbeisegeln	O
könnte	O
.	O
Die	O
Gefahr	O
bestünde	O
darin	O
,	O
dass	O
die	O
Zensur	O
gerade	O
die	O
Teile	O
streichen	O
müsste	O
,	O
die	O
die	O
Kehrseite	O
des	O
Krieges	O
aufdecken	O
.	O
Würden	O
aber	O
solche	O
Striche	O
von	O
der	O
Zensur	O
gemacht	O
werden	O
,	O
so	O
kämen	O
nur	O
die	O
zustimmenden	O
patriotischen	O
Aeusserungen	O
zutage	O
,	O
also	O
ein	O
gefälschtes	O
Bild	O
zum	O
Vorschein	O
.	O
Aber	O
abgesehen	O
davon	O
wäre	O
es	O
auch	O
nicht	O
ratsam	O
,	O
die	O
sehr	O
lebendige	O
,	O
unbestochene	O
Art	O
des	O
Tagebuchs	O
in	O
einem	O
Fragment	O
preiszugeben	O
,	O
bevor	O
das	O
Tagebuch	O
selbst	O
in	O
einer	O
ruhigen	O
Zeit	O
erscheinen	O
kann	O
.	O
Der	O
Wert	O
des	O
Tagebuches	O
liegt	O
aber	O
in	O
dieser	O
stark	O
persönlichen	O
Färbung	O
.	O
Ich	O
denke	O
,	O
dass	O
wir	O
nach	O
dem	O
Krieg	O
den	O
grösseren	O
Teil	O
des	O
Tagebuches	O
,	O
wenn	O
Sie	O
wollen	O
,	O
in	O
unserer	O
Rundschau	Organisation
veröf	O
-	O
fentlichen	O
können	O
,	O
und	O
dass	O
mit	O
den	O
500	O
Mark	O
,	O
die	O
Sie	O
jetzt	O
bei	O
der	O
Neuen	Organisation
freien	Organisation
Presse	Organisation
ausschlagen	O
,	O
der	O
viel	O
grössere	O
Vor	O
-	O
teil	O
eingetauscht	O
wird	O
,	O
den	O
Leser	O
mit	O
dem	O
ursprünglichen	O
Ton	O
des	O
Tagebuches	O
zu	O
überraschen	O
und	O
mit	O
einer	O
Kostprobe	O
jetzt	O
nichts	O
davon	O
vorwegzunehmen	O
.	O
Vielen	O
Dank	O
für	O
Ihre	O
freundlichen	O
Glückwünsche	O
;	O
meiner	O
Frau	Person
und	O
dem	O
Kind	Person
geht	O
es	O
gut	O
.	O
Mit	O
herzlichen	O
Grüssen	O
Ihr	O
S.Fischer	Person
.	O
Sehr	O
geehrter	O
Herr	O
Doktor	Person
!	O
In	O
diesem	O
Augenblick	O
,	O
in	O
dem	O
ich	O
an	O
Jonas	Person
wegen	O
Schuster	Person
schreiben	O
wollte	O
,	O
erfahre	O
ich	O
von	O
Jonas	Person
,	O
dass	O
Schuster	Person
die	O
Auslegung	O
des	O
Vertrages	O
in	O
Ihrem	O
Sinne	O
anerkennt	O
.	O
Nun	O
liegt	O
die	O
Sache	O
so	O
,	O
dass	O
vor	O
Weihnachten	O
ein	O
Band	O
Ihrer	O
Gesamtausgabe	O
nicht	O
mehr	O
fertiggestellt	O
werden	O
könnte	O
,	O
selbst	O
wenn	O
Schuster	Person
seine	O
Genehmigung	O
dazu	O
geben	O
würde	O
.	O
Dagegen	O
wäre	O
es	O
wünschesnswert	O
,	O
mit	O
dem	O
ersten	O
Band	O
im	O
Frühjahr	O
nächsten	O
Jahres	O
zu	O
erscheinen	O
.	O
Bitte	O
lassen	O
Sie	O
mich	O
wissen	O
,	O
ob	O
Sie	O
es	O
für	O
notwendig	O
halten	O
,	O
mit	O
Schuster	Person
jetzt	O
schon	O
dieserhalb	O
in	O
Verbindung	O
zu	O
treten	O
,	O
oder	O
ob	O
wir	O
lieber	O
damit	O
warten	O
,	O
bis	O
Sie	O
im	O
Dezember	O
in	O
Berlin	Ort
sind	O
.	O
Das	O
Letztere	O
scheint	O
mir	O
ratsamer	O
,	O
weil	O
sich	O
bis	O
dahin	O
die	O
Gemüter	O
doch	O
etwas	O
beruhigt	O
haben	O
werden	O
.	O
Es	O
freut	O
mich	O
,	O
dass	O
sich	O
die	O
Sache	O
nun	O
doch	O
auf	O
eine	O
angenehme	O
Weise	O
regelt	O
.	O
Mit	O
besten	O
Grüssen	O
Ihr	O
ergebener	O
S.Fischer	Person
.	O
Lieber	O
Herr	O
Dehmel	Person
,	O
Sie	O
werden	O
finden	O
,	O
dass	O
ich	O
immer	O
konsequenter	O
zu	O
dem	O
Standpunkt	O
durchgedrun	O
-	O
gen	O
bin	O
,	O
die	O
Gesammtausgabe	O
als	O
Gesammtaus	O
-	O
gabe	O
aufzufassen	O
und	O
auch	O
nach	O
aussen	O
hin	O
durchzusetzen	O
.	O
Gewiss	O
ist	O
es	O
einfacher	O
und	O
liberaler	O
,	O
die	O
Gesamtausgabe	O
erscheinen	O
zu	O
lassen	O
unabhängig	O
davon	O
,	O
wie	O
sich	O
der	O
Käufer	O
des	O
einzelnen	O
Bandes	O
zu	O
dem	O
Gesamtwerk	O
stellt	O
,	O
ich	O
fürchte	O
aber	O
,	O
dass	O
wir	O
es	O
den	O
Subscriben	O
-	O
ten	O
gar	O
zu	O
leicht	O
machen	O
,	O
sich	O
nur	O
die	O
Bände	O
auszuwählen	O
,	O
die	O
sie	O
wollen	O
,	O
wenn	O
wir	O
nicht	O
von	O
dem	O
Standpunkt	O
ausgehen	O
,	O
dass	O
die	O
Gesamt	O
-	O
ausgabe	O
ein	O
zusammenhängendes	O
Werk	O
ist	O
,	O
das	O
einstweilen	O
nur	O
im	O
ganzen	O
zu	O
beziehen	O
ist	O
.	O
Wenn	O
wir	O
die	O
Gesamtausgabe	O
bis	O
zu	O
ihrer	O
Voll	O
-	O
endung	O
nur	O
zusammen	O
abgeben	O
,	O
so	O
ist	O
jeder	O
Käufer	O
ein	O
Subscribent	O
,	O
später	O
,	O
wenn	O
das	O
Werk	O
komplett	O
ist	O
,	O
dann	O
erst	O
ist	O
es	O
an	O
der	O
Zeit	O
,	O
die	O
einzelnen	O
Bände	O
unabhängig	O
von	O
der	O
Gesammt	O
-	O
ausgabe	O
,	O
meinetwegen	O
zu	O
einem	O
erhöhten	O
Preise	O
abzugeben	O
.	O
Das	O
ist	O
auch	O
der	O
übliche	O
Weg	O
,	O
der	O
bei	O
der	O
Edition	O
von	O
Gesammtausgaben	O
beschrit	O
-	O
ten	O
wird	O
.	O
Ueberlegen	O
Sie	O
noch	O
einmal	O
.	O
Mir	O
will	O
das	O
blaue	O
Umschlagpapier	O
doch	O
nicht	O
recht	O
gefallen	O
.	O
Sehen	O
Sie	O
sich	O
doch	O
einmal	O
den	O
anliegenden	O
Umschlag	O
,	O
den	O
ich	O
für	O
Kassner	Person
ge	O
-	O
macht	O
habe	O
,	O
an	O
,	O
sehen	O
Sie	O
,	O
wie	O
vornehm	O
Papier	O
,	O
Type	O
und	O
Druck	O
wirkt	O
und	O
vergleichen	O
Sie	O
damit	O
das	O
was	O
wir	O
machen	O
wollen	O
.	O
Ich	O
bin	O
sehr	O
für	O
dieses	O
Kassnersche	O
Umschlagpapier	O
,	O
Farbe	O
,	O
Qua	O
-	O
lität	O
und	O
Narbe	O
,	O
es	O
ist	O
alles	O
ausgezeichnet	O
.	O
Der	O
Umschlag	O
schliesst	O
zwar	O
das	O
blaue	O
Papier	O
für	O
die	O
kartonierten	O
Exemplare	O
nicht	O
aus	O
,	O
den	O
-	O
noch	O
würde	O
ich	O
auch	O
für	O
die	O
kartonierten	O
Exem	O
-	O
plare	O
ein	O
ähnliches	O
dünnes	O
Papier	O
wie	O
dieses	O
Umschlagpapier	O
vorschlagen	O
.	O
Ueberlegen	O
Sie	O
.	O
Die	O
Cursiv	O
-	O
Versalien	O
,	O
die	O
ich	O
heute	O
von	O
Drugulin	Person
für	O
die	O
Titel	O
vorgelegt	O
bekomme	O
,	O
schei	O
-	O
nen	O
mir	O
ganz	O
ausgezeichnet	O
,	O
es	O
ist	O
doch	O
etwas	O
ganz	O
anderes	O
wie	O
die	O
Minusceln	O
.	O
Ueberlegen	O
Sie	O
.	O
Mit	O
vielen	O
Grüssen	O
Ihr	O
S.Fischer	Person
.	O
Ich	O
kann	O
mich	O
vorerst	O
nicht	O
entschliessen	O
,	O
Ihren	O
Vertragsentwurf	O
zu	O
unterzeichnen	O
.	O
Aus	O
folgenden	O
Gründen	O
:	O
1	O
.	O
Würde	O
ich	O
niemals	O
Ihren	O
Satz	O
unterschreiben	O
,	O
der	O
Ihnen	O
die	O
Freigabe	O
in	O
Propaganda	O
Fällen	O
zugesteht	O
.	O
Dehmel	Person
hat	O
auch	O
niemals	O
den	O
Nachdruck	O
seiner	O
Dichtungen	O
zu	O
angeblichen	O
Propagandazwecken	O
erlaubt	O
,	O
weil	O
er	O
wusste	O
,	O
dass	O
die	O
Leute	O
,	O
die	O
Propaganda	O
machen	O
,	O
für	O
Reproduktionszwecke	O
viel	O
Geld	O
ausgeben	O
;	O
nur	O
die	O
Autoren	O
sollen	O
naicht	O
bezahlt	O
werden	O
.	O
2	O
.	O
Ich	O
schrieb	O
Ihnen	O
im	O
letzten	O
Jahr	O
ausführlich	O
über	O
einen	O
Honorar	O
—	O
Anspruch	O
,	O
den	O
ich	O
an	O
die	O
HSorag	O
bestimmt	O
zu	O
haben	O
glaube	O
,	O
und	O
ich	O
habe	O
Sie	O
damals	O
gefragt	O
,	O
ob	O
Sie	O
bereit	O
seien	O
,	O
als	O
meine	O
Vertretung	O
gegen	O
die	O
Firma	O
vorzugehen	O
.	O
Sie	O
haben	O
nicht	O
einmal	O
ver	O
-	O
sucht	O
,	O
die	O
HSorag	O
durch	O
einen	O
Brief	O
zu	O
bestimmen	O
,	O
mir	O
das	O
Honorar	O
zu	O
zahlen	O
,	O
sondern	O
Sie	O
machten	O
mir	O
den	O
ganz	O
unannehmbaren	O
Vorschlag	O
,	O
mich	O
mit	O
einem	O
Anerkenntnis	O
Honorar	O
von	O
M.	O
1000	O
zu	O
begnügen	O
.	O
Das	O
hat	O
mich	O
sehr	O
verdrossen	O
,	O
Ich	O
bin	O
überzeugzt	O
,	O
dass	O
der	O
neugegründete	O
Autoren	O
Verband	O
,	O
dem	O
ich	O
meine	O
Differenz	O
mit	O
der	O
Horag	O
nun	O
mittei	O
-	O
len	O
werde	O
,	O
einen	O
Prozess	O
gegen	O
die	O
Firma	O
anstrengen	O
und	O
ihn	O
für	O
mich	O
gewinnen	O
wird	O
.	O
Sie	O
schreiben	O
,	O
es	O
handle	O
sich	O
um	O
eine	O
neugegründete	O
Gesellschaft	O
.	O
Einer	O
der	O
Mitunterzeichner	O
,	O
Herr	O
Alfred	Person
Richard	Person
Meeger	Person
,	O
ist	O
seit	O
Dehmels	Person
Tod	O
Geschäftsführer	O
des	O
Kartells	Organisation
lyrischer	Organisation
Autoren	Organisation
.	O
Ich	O
habe	O
ununterbrochen	O
mit	O
ihm	O
zu	O
tun	O
und	O
habe	O
ihn	O
als	O
einen	O
zuverlässigen	O
,	O
energischen	O
und	O
klugen	O
Vertreter	O
der	O
Autoren	O
kennen	O
gelernt	O
;	O
er	O
hat	O
uns	O
Nachdruck	O
Honorare	O
verschafft	O
,	O
deren	O
Erlangung	O
geradezu	O
unmöglich	O
erschien	O
.	O
Ich	O
bin	O
mir	O
klar	O
darüber	O
,	O
dass	O
die	O
Rücksicht	O
und	O
Verbindlichkeit	O
,	O
die	O
die	O
Firma	O
S.DFischer	Organisation
nach	O
allen	O
Seiten	O
übt	O
,	O
ihren	O
Autoren	O
sehr	O
häufen	O
sich	O
im	O
Lauf	O
des	O
Jah	O
zu	O
statten	O
kommt	O
,	O
aber	O
im	O
Einzelfalle	O
(	O
und	O
solche	O
Einzelfälle	O
)	O
wird	O
der	O
Verband	O
der	O
Autoren	O
viel	O
energischer	O
sein	O
für	O
die	O
Honorar	O
Eintreibung	O
sorgen	O
,	O
so	O
dass	O
die	O
höheren	O
Prozente	O
frag	O
-	O
los	O
keine	O
Schädigung	O
bedeuten	O
,	O
weil	O
die	O
Endsumme	O
doch	O
höher	O
sein	O
.	O
Ich	O
möchte	O
mir	O
also	O
die	O
Entscheidung	O
noh	O
wird	O
als	O
bei	O
Ihnen	O
.	O
frei	O
halten	O
;	O
m.M.	O
noch	O
werden	O
alle	O
Autoren	O
von	O
Belang	O
ihrer	O
eignen	O
Organisation	O
beitreten	O
.	O
Hochachtungsvoll	O
!	O
gez	O
.	O
Lieber	O
Herr	O
Fischer	Person
!	O
Endlich	O
habe	O
ich	O
die	O
Adresse	O
,	O
sie	O
lautet	O
:	O
Unteroffizier	O
Dr.	O
Richard	Person
Dehmel	Person
9.Armee	O
-	O
Korps	O
,	O
18.Infanterie	O
-	O
Division	O
,	O
aktives	O
Infanterie	O
-	O
Regiment	O
Graf	O
Bose	Person
No.	O
31	O
1	O
.	O
Bataillon	O
,	O
2	O
.	O
Compagnie	O
Ich	O
habe	O
bisher	O
von	O
Dehmel	Person
fast	O
täglich	O
Nachricht	O
erhalten	O
;	O
er	O
liegt	O
z.Zt	O
.	O
in	O
den	O
vordersten	O
Schützengräben	O
in	O
Car	Ort
-	Ort
le	Ort
-	Ort
pont	Ort
und	O
freut	O
sich	O
wie	O
ein	O
Kind	O
das	O
von	O
Gefahr	O
nichts	O
weiss	O
an	O
den	O
über	O
ihn	O
weg	O
sausenden	O
Granaten	O
.	O
Auch	O
mi	O
[	O
ein	O
Junge	O
ist	O
jetzt	O
in	O
Frankreich	Ort
,	O
—	O
mehr	O
habe	O
ich	O
für	O
Deutschland	Ort
nicht	O
herzu	O
-	O
geben	O
!	O
Ich	O
muss	O
mich	O
nun	O
zuerst	O
des	O
Auftrages	O
entledigen	O
,	O
dessen	O
Er	O
-	O
füllung	O
Dehmel	Person
so	O
am	O
Herzen	O
lag	O
,	O
dass	O
er	O
mir	O
unmittelbar	O
vor	O
dem	O
Abmarsch	O
noch	O
eine	O
Karte	O
schrieb	O
,	O
die	O
Ihnen	O
selbstverständlich	O
im	O
Original	O
zur	O
Ver	O
-	O
fügung	O
steht	O
.	O
Als	O
guter	O
Menschenkenner	O
und	O
menschlich	O
teilnehmender	O
Freund	O
Ihrer	O
Autoren	O
werden	O
Sie	O
ja	O
schon	O
aus	O
den	O
3	O
Spottgedichten	O
Dehmels	Person
,	O
die	O
in	O
dieser	O
Nummer	O
der	O
Rundschau	Organisation
stehen	O
,	O
erkannt	O
haben	O
,	O
was	O
ihn	O
abgesehen	O
vom	O
Krieg	O
veranlasst	O
hat	O
,	O
die	O
Herausgabe	O
des	O
geplanten	O
kleinen	O
Gedichtbüchleins	O
nicht	O
mehr	O
zu	O
wünschen	O
.	O
Die	O
erwähnte	O
Karte	O
lautet	O
folgendermassen	O
:	O
“	O
Jetzt	O
geht	O
s	O
also	O
wirklich	O
los	O
in	O
die	O
wilde	O
Welt	O
.	O
Dabei	O
fällt	O
mir	O
“	O
ein	O
,	O
für	O
alle	O
Fälle	O
:	O
Meine	O
neuen	O
Gedichte	O
sind	O
keinesfalls	O
[	O
“	O
als	O
neues	O
Buch	O
herauszugeben	O
,	O
sondern	O
in	O
“	O
die	Werk
schöne	Werk
wilde	Werk
Welt	Werk
”	O
“	O
einzuordnen	O
(	O
neue	O
,	O
sehr	O
erweiterte	O
Ausgabe	O
)	O
,	O
Fischer	Person
kann	O
sie	O
auf	O
dem	O
“	O
Umschlag	O
als	O
“	O
Kriegsausgabe	O
”	O
bezeichnen	O
,	O
wenn	O
er	O
das	O
für	O
dienlich	O
hält	O
(	O
aber	O
nicht	O
auf	O
dem	O
Titelblatt	O
und	O
Deckel	O
)	O
.	O
Die	O
Kriegsgedichte	O
“	O
die	O
Kriegssinngedichte	O
und	O
Sprüche	O
in	O
die	O
erste	O
Hälfte	O
des	O
Buches	O
“	O
etc.etc	O
.	O
(	O
folgt	O
eine	O
Reihe	O
von	O
Angaben	O
,	O
ein	O
neues	O
Motto	O
für	O
die	O
“	O
erste	O
Hälfte	O
)	O
und	O
zum	O
Schluss	O
der	O
Satz	O
:)	O
Die	O
genauere	O
Einfügung	O
der	O
“	O
Gedichte	O
in	O
die	O
Reihenfolge	O
überlasse	O
ich	O
Dir	O
.	O
Dann	O
noch	O
als	O
Nachschrift	O
:	O
“	O
Die	O
neue	O
Ausgabe	O
“	O
Schöne	Werk
wilde	Werk
Welt	Werk
”	O
soll	O
Fischer	Person
in	O
Fraktur	O
(	O
deutsche	O
Lettern	O
)	O
drucken	O
lassen	O
,	O
überhaupt	O
von	O
jetzt	O
an	O
alle	O
meine	O
“	O
Bücher	O
”	O
.	O
Ich	O
vermute	O
,	O
dass	O
für	O
die	O
Kriegsausgabe	O
vorerst	O
noch	O
lange	O
kein	O
Bedarf	O
ist	O
,	O
also	O
darüber	O
wollen	O
wir	O
uns	O
noch	O
nicht	O
den	O
Kopf	O
zerbrechen	O
,	O
aber	O
dass	O
das	O
geplante	O
Büchlein	O
nicht	O
erscheinen	O
darf	O
,	O
das	O
musste	O
ich	O
Ihnen	O
doch	O
wohl	O
jetzt	O
schon	O
sagen	O
.	O
Dehmel	Person
hat	O
diesen	O
Wunsch	O
mir	O
gegenüber	O
oft	O
geäussert	O
und	O
er	O
hat	O
mir	O
wohl	O
zuletzt	O
noch	O
einmal	O
darum	O
geschrieben	O
,	O
um	O
diesem	O
Wunsch	O
äussersten	O
Nachdruck	O
zu	O
geben	O
.	O
Er	O
war	O
sich	O
natürlich	O
klar	O
darüber	O
,	O
dass	O
Sie	O
nicht	O
sehr	O
entzückt	O
davon	O
sein	O
würden	O
,	O
denn	O
Sie	O
haben	O
die	O
Kosten	O
des	O
Satzes	O
gehabt	O
,	O
aber	O
er	O
war	O
doch	O
fest	O
davon	O
überzeugt	O
,	O
dass	O
Sie	O
seinen	O
Wunsch	O
verstehen	O
,	O
und	O
dar	O
-	O
nach	O
handeln	O
würden	O
.	O
Dehmel	Person
hatte	O
ja	O
immer	O
die	O
Absicht	O
,	O
eine	O
kleine	O
Sammlung	O
“	O
Meine	Werk
Lieder	Werk
”	O
herauszugeben	O
.	O
Vielleicht	O
lässtsich	O
später	O
das	O
Büchlein	O
durch	O
Hinzufügung	O
anderer	O
rein	O
lyrischer	O
Dehmel	Person
Gedichte	O
,	O
die	O
in	O
diesem	O
Zusammen	O
-	O
hang	O
jetzt	O
nicht	O
passten	O
,	O
,	O
mit	O
unter	O
diesem	O
Titel	O
herausgeben	O
.	O
Aber	O
das	O
ist	O
zu	O
sehr	O
Zukunftsmusik	O
,	O
als	O
dass	O
ich	O
jetzt	O
schon	O
davon	O
reden	O
möchte	O
.	O
Jeden	O
-	O
falls	O
hat	O
Dehmel	Person
diese	O
ganze	O
Sache	O
so	O
von	O
sich	O
abgetan	O
,	O
dass	O
er	O
auf	O
keinen	O
Fall	O
diese	O
Veröffentlichung	O
wünscht	O
.	O
Nun	O
komme	O
ich	O
noch	O
mit	O
einer	O
grossen	O
Frage	O
.	O
Sie	O
wissen	O
selbst	O
am	O
genauesten	O
,	O
dass	O
Dehmel	Person
zur	O
Zeit	O
keine	O
Einnahme	O
hat	O
und	O
auch	O
auf	O
absehbare	O
Zeit	O
keine	O
haben	O
wird	O
.	O
Ausser	O
den	O
Honoraren	O
aus	O
seinen	O
Büchern	O
hatte	O
er	O
für	O
diesen	O
Winter	O
insgesamt	O
9	O
Vorträge	O
à	O
M	O
400	O
.	O
—	O
abgeschlossen	O
.	O
Natürlich	O
er	O
-	O
hieltt	O
er	O
sofort	O
nach	O
Kriegsausbruch	O
von	O
überall	O
her	O
die	O
Mitteilung	O
,	O
dass	O
die	O
Leute	O
jetzt	O
nicht	O
daran	O
denken	O
könnten	O
,	O
Vortragsabende	O
zu	O
veranstalten	O
.	O
Dehmel	Person
hat	O
seine	O
Kriegslieder	O
mit	O
dem	O
ausdrücklichen	O
Vermerk	O
herausgegeben	O
:	O
“	O
Nachdruck	O
erlaubt	O
”	O
,	O
erstens	O
weil	O
er	O
ihnen	O
die	O
weiteste	O
Verbreitung	O
wünschte	O
und	O
zweitens	O
weil	O
er	O
in	O
dieser	O
Zeit	O
keine	O
Nachdrucksprozesse	O
führen	O
wollte	O
.	O
Einige	O
Zeitungen	O
haben	O
trotzdem	O
Honorar	O
gesandt	O
,	O
aber	O
das	O
war	O
alles	O
in	O
allem	O
nicht	O
annähernd	O
so	O
viel	O
,	O
wie	O
Dehmel	Person
während	O
seiner	O
Ausbildungszeit	O
hier	O
brauchte	O
,	O
geschweige	O
dass	O
es	O
auch	O
noch	O
zu	O
Liebesgaben	O
an	O
ihn	O
irgendwie	O
ge	O
-	O
reicht	O
hätte	O
.	O
—	O
Wir	O
haben	O
in	O
pekuniärer	O
Beziehung	O
immer	O
ausserordentlich	O
solide	O
gelebt	O
(	O
zum	O
Entsetzen	O
des	O
Herrn	O
Emil	Person
Ludwigs	Person
und	O
seiner	O
Freunde	O
,	O
der	O
immer	O
fand	O
,	O
dass	O
Dehmel	Person
als	O
Spiessbürger	O
lebe	O
)	O
,	O
wir	O
haben	O
niemals	O
einen	O
Pfennig	O
mehr	O
ausgegeben	O
als	O
wie	O
wir	O
hatten	O
,	O
im	O
Gegenteil	O
haben	O
noch	O
immer	O
etwas	O
zurückgelegt	O
.	O
Dieses	O
Ersparte	O
aber	O
haben	O
wir	O
,	O
wie	O
ich	O
jetzt	O
einsehe	O
,	O
leichtsinniger	O
Weise	O
fast	O
ausschliesslich	O
in	O
Industriepapieren	O
angelegt	O
,	O
die	O
an	O
sich	O
durchaus	O
gut	O
sind	O
,	O
aber	O
im	O
Moment	O
ausserordentlich	O
reduzierte	O
Zinsen	O
geben	O
und	O
bei	O
der	O
Darlehnskasse	O
sehr	O
niedrig	O
bewertet	O
werden	O
.	O
Ich	O
habe	O
es	O
bis	O
jetzt	O
auch	O
vermieden	O
,	O
von	O
unseren	O
Papieren	O
etwas	O
dorthin	O
zu	O
bringen	O
,	O
da	O
ich	O
im	O
voraus	O
weiss	O
,	O
dass	O
ich	O
nach	O
dem	O
Krieg	O
nicht	O
die	O
Mittel	O
haben	O
werde	O
,	O
auch	O
nur	O
eins	O
derselben	O
wieder	O
einzutauschen	O
.	O
Sie	O
wissen	O
,	O
wie	O
es	O
mit	O
unserem	O
Haus	O
steht	O
,	O
es	O
ist	O
so	O
viel	O
darauf	O
an	O
-	O
gezahlt	O
worden	O
,	O
dass	O
wir	O
noch	O
M	O
1100	O
.	O
—	O
p.a.	O
Miete	O
zu	O
zahlen	O
haben	O
,	O
dazu	O
kommt	O
die	O
Heizung	O
für	O
das	O
ganze	O
Haus	O
mit	O
M	O
450	O
.	O
—	O
Licht	O
etc.	O
,	O
und	O
schliesslich	O
habe	O
ich	O
Dehmel	Person
bei	O
seinem	O
Abmarsch	O
versprochen	O
,	O
dass	O
ich	O
,	O
so	O
lange	O
ich	O
irgend	O
imstande	O
bin	O
,	O
seine	O
Mutter	Person
,	O
die	O
sich	O
mit	O
ihren	O
anderen	O
Kindern	Person
weniger	O
gut	O
steht	O
,	O
bei	O
mir	O
im	O
Hause	O
behalten	O
werde	O
und	O
daher	O
ihr	O
zuliebe	O
nicht	O
den	O
Haus	O
-	O
halt	O
auflöse	O
,	O
um	O
während	O
des	O
Krieges	O
zu	O
meiner	O
Schwester	Person
nach	O
Mannheim	Ort
zu	O
ziehen	O
.	O
Es	O
ist	O
Ihnen	O
bekannt	O
,	O
dass	O
ich	O
von	O
Haus	O
aus	O
wohlhabend	O
bin	O
,	O
aber	O
das	O
Erbteil	O
meines	O
Vaters	Person
liegt	O
in	O
Weinbergen	O
und	O
einem	O
riesigen	O
grossen	O
leer	O
stehenden	O
Haus	O
,	O
und	O
ich	O
will	O
froh	O
sein	O
,	O
wenn	O
ich	O
nicht	O
wieder	O
wie	O
in	O
den	O
meisten	O
Jahren	O
seit	O
meines	O
Vaters	Person
Tode	O
zu	O
der	O
Verwaltung	O
der	O
Güter	O
noch	O
etwas	O
zuzahlen	O
muss	O
,	O
statt	O
eine	O
Einnahme	O
daraus	O
zu	O
haben	O
.	O
Ich	O
glaube	O
,	O
nicht	O
erst	O
versichern	O
zu	O
müssen	O
,	O
dass	O
ich	O
so	O
einfach	O
wie	O
nur	O
möglich	O
lebe	O
,	O
meine	O
beiden	O
Mädchen	O
(	O
eine	O
allein	O
kann	O
das	O
ganze	O
Haus	O
nicht	O
instand	O
halten	O
)	O
haben	O
sich	O
freiwillig	O
erboten	O
,	O
sich	O
mit	O
erheblich	O
reduziertem	O
Gehalt	O
zu	O
begnügen	O
.	O
Aus	O
all	O
	O
dem	O
geht	O
hervor	O
,	O
dass	O
ich	O
eine	O
bestimmte	O
Einnahme	O
brauche	O
,	O
denn	O
das	O
bare	O
Geld	O
,	O
worüber	O
ich	O
noch	O
verfüge	O
,	O
reicht	O
keinen	O
Monat	O
mehr	O
.	O
Bei	O
meiner	O
Schwerfälligkeit	O
oder	O
Gewissenhaftigkeit	O
in	O
Gelddingen	O
fällt	O
es	O
mir	O
sehr	O
schwer	O
,	O
Sie	O
zu	O
fragen	O
,	O
ob	O
Sie	O
mir	O
einen	O
regelmässigen	O
1	O
/	O
4	O
-	O
Jahres	O
-	O
Vorschus	O
auf	O
künftige	O
Auflagen	O
Dehmels	Person
geben	O
wollen	O
,	O
nicht	O
etwa	O
,	O
weil	O
es	O
mir	O
peinlich	O
ist	O
,	O
Ihnen	O
diese	O
Bitte	O
auszusprechen	O
,	O
denn	O
Sie	O
wissen	O
zu	O
gut	O
,	O
dass	O
wir	O
uns	O
in	O
dieser	O
Beziehung	O
nichts	O
haben	O
zuschulden	O
kommen	O
lassen	O
,	O
sondern	O
weil	O
ich	O
mich	O
frage	O
,	O
was	O
später	O
wird	O
,	O
wenn	O
wir	O
das	O
Honorar	O
für	O
künftige	O
Auflagen	O
jetzt	O
schon	O
aufbrauchen	O
.	O
.	O
—	O
Ich	O
habe	O
unsere	O
Freunde	O
dringend	O
vor	O
den	O
Ankauf	O
des	O
Hauses	O
unter	O
diesen	O
Umständen	O
gewarnt	O
,	O
weil	O
ich	O
das	O
Gefühl	O
hatte	O
,	O
es	O
sei	O
ein	O
zu	O
grosses	O
Risiko	O
für	O
uns	O
;	O
wenn	O
wir	O
das	O
Haus	O
jetzt	O
nicht	O
hätten	O
,	O
so	O
könnte	O
ich	O
ohne	O
Mann	O
und	O
Sohn	O
in	O
einem	O
möblierten	O
Zimmer	O
wohnen	O
sogar	O
mit	O
Mutter	Person
zusammen	O
und	O
Tausende	O
sparen	O
,	O
die	O
ich	O
für	O
Miete	O
,	O
Heizung	O
und	O
2	O
Mädchen	O
jetzt	O
weiter	O
ausgeben	O
muss	O
.	O
Ich	O
würde	O
sogar	O
daran	O
denken	O
,	O
das	O
Haus	O
zu	O
verkaufen	O
,	O
nur	O
um	O
diese	O
Ausgaben	O
los	O
zu	O
sein	O
,	O
wenn	O
jetzt	O
die	O
geringste	O
Aussicht	O
wäre	O
,	O
es	O
über	O
-	O
haupt	O
verkaufen	O
zu	O
können	O
.	O
Wenn	O
Sie	O
aus	O
irgend	O
einem	O
Grunde	O
meine	O
Bitte	O
nicht	O
erfüllen	O
können	O
,	O
s	O
bliebe	O
mir	O
nur	O
der	O
Weg	O
,	O
den	O
zu	O
begehen	O
mir	O
ausserordentlich	O
schwer	O
würde	O
.	O
Ich	O
müsste	O
dann	O
durch	O
Hamburger	O
Freunde	O
evtl	O
.	O
den	O
Senat	O
darauf	O
aufmerksam	O
machen	O
,	O
dass	O
so	O
wie	O
bei	O
Falke	Person
auch	O
für	O
Dehmel	Person
eine	O
jährliche	O
Ehrengabe	O
am	O
Platze	O
wäre	O
.	O
Ich	O
glaube	O
,	O
ich	O
brauche	O
nicht	O
hinzuzufügen	O
,	O
dass	O
ich	O
Ihnen	O
sehr	O
dankbar	O
wäre	O
,	O
wenn	O
Sie	O
mir	O
das	O
ersparen	O
.	O
Ich	O
habe	O
sehr	O
stark	O
den	O
Eindruck	O
,	O
das	O
Dehmel	Person
in	O
dieser	O
Zeit	O
dem	O
deutschen	O
Volk	O
ins	O
Herz	O
wächst	O
.	O
Ein	O
junger	O
Hamburger	O
der	O
in	O
seiner	O
Compagnie	O
steht	O
,	O
schreibt	O
nach	O
Haus	O
,	O
sie	O
folgten	O
ihm	O
wie	O
dem	O
Rattenfänger	O
von	O
Hameln	O
,	O
wenn	O
sie	O
einmal	O
müde	O
wären	O
,	O
so	O
genügte	O
ein	O
gutes	O
Wort	O
von	O
ihm	O
und	O
er	O
selbst	O
sei	O
immer	O
der	O
frischeste	O
von	O
allen	O
;	O
alle	O
Strapazen	O
er	O
-	O
trägt	O
er	O
spielend	O
.	O
Immer	O
heiter	O
risse	O
er	O
die	O
ganze	O
Mannschaft	O
mit	O
fort	O
.	O
Es	O
er	O
-	O
schiene	O
mir	O
fast	O
albern	O
,	O
wenn	O
gerade	O
zu	O
dieser	O
Zeit	O
durch	O
eine	O
evtl.	O
Bewilligung	O
des	O
Senates	O
diesem	O
lachenden	O
Bilde	O
Dehmels	Person
ein	O
Miseren	O
-	O
Mäntelchen	O
umgehängt	O
würde	O
.	O
Sehr	O
herzlich	O
die	O
Ihre	O
.	O
Ihre	O
liebe	O
Frau	Person
hat	O
100	O
Stck	O
.	O
der	O
Kriegslide	O
[	O
der	O
bestellt	O
und	O
mich	O
gebeten	O
,	O
sie	O
nach	O
der	O
Bülowstrasse	O
zu	O
schicken	O
.	O
Die	O
Exemplare	O
folgen	O
mit	O
gleicher	O
Post	O
;	O
den	O
Betrag	O
von	O
M	O
10	O
.	O
—	O
darf	O
ich	O
Sie	O
wohl	O
bitten	O
,	O
an	O
mich	O
zu	O
senden	O
.	O
D.	Person
O.	Person
.	O
1	O
Liebe	O
gnädige	O
Frau	Person
,	O
es	O
sind	O
schon	O
eine	O
ganze	O
Anzahl	O
Flugblätter	O
erschienen	O
,	O
zu	O
-	O
meist	O
minderwertiger	O
Art	O
.	O
Im	O
ganzen	O
habe	O
ich	O
den	O
Eindruck	O
,	O
dass	O
das	O
Publikum	O
im	O
Augenblick	O
für	O
nichts	O
Anderes	O
als	O
für	O
die	O
Kriegs	O
-	O
berichte	O
zu	O
haben	O
ist	O
.	O
Ob	O
unter	O
diesen	O
Umständen	O
ein	O
Flugblatt	O
mit	O
Gedichten	O
von	O
Dehmel	Person
im	O
Moment	O
Aussicht	O
hätte	O
,	O
eine	O
grosse	O
Verbrei	O
-	O
tung	O
zu	O
finden	O
,	O
darüber	O
bin	O
ich	O
mir	O
ganz	O
und	O
gar	O
nicht	O
klar	O
;	O
ich	O
meine	O
aber	O
,	O
wenn	O
es	O
nicht	O
zu	O
einer	O
grossen	O
Popularität	O
eines	O
solchen	O
Flugblattes	O
kommen	O
kann	O
,	O
dann	O
sollte	O
man	O
es	O
lieber	O
lassen	O
.	O
Es	O
schiene	O
mir	O
ein	O
guter	O
Ausweg	O
,	O
die	O
Gedichte	O
von	O
Dehmel	Person
in	O
den	O
Künstler	O
-	O
Flugblät	O
-	O
tern	O
,	O
die	O
bei	O
Paul	Person
Cassirer	Person
erscheinen	O
,	O
abzudrucken	O
,	O
und	O
da	O
sich	O
Paul	Person
Cassirer	Person
darum	O
beworben	O
hat	O
,	O
so	O
wäre	O
es	O
vielleicht	O
zweckmässig	O
,	O
seiner	O
Anregung	O
zu	O
folgen	O
.	O
Sie	O
wissen	O
,	O
dass	O
diese	O
Künstler	O
-	O
Flugblätter	O
Original	O
-	O
Litographien	O
von	O
Liebermann	Person
,	O
Slevogt	Person
und	O
andern	O
Künstlern	O
bringen	O
.	O
Hier	O
ist	O
also	O
ein	O
würdiger	O
und	O
wirksamer	O
Rahmen	O
für	O
die	O
Gedichte	O
von	O
Dehmel	Person
gegeben	O
.	O
Will	O
Dehmel	Person
das	O
nicht	O
,	O
so	O
bin	O
ich	O
in	O
jedmem	O
Augenblick	O
bereit	O
,	O
das	O
Flugblatt	O
für	O
ihn	O
zu	O
machen	O
.	O
Bitte	O
grüssen	O
Sie	O
Dehmel	Person
—	O
nicht	O
den	O
ältesten	O
,	O
ich	O
bin	O
sicher	O
,	O
den	O
jüngsten	O
Rekruten	O
—	O
und	O
seien	O
auch	O
Sie	O
herzlichst	O
gegrüsst	O
von	O
uns	O
beiden	O
.	O
Ihr	O
S.Fischer	Person
.	O
Lieber	O
Herr	O
Fischer	Person
!	O
Dehmel	Person
lässt	O
Ihnen	O
für	O
Ihre	O
beiden	O
Briefe	O
recht	O
herzlich	O
danken	O
.	O
Ich	O
habe	O
sie	O
ihm	O
gestern	O
Abend	O
in	O
die	O
Kaserne	O
gebracht	O
.	O
Ja	O
,	O
Sie	O
lesen	O
richtig	O
Seit	O
dem	O
28	O
.	O
trägt	O
Dehmel	Person
den	O
bunten	O
Rock	O
.	O
Er	O
ist	O
,	O
als	O
z.Z.	O
ältester	O
Re	O
-	O
Deutschlands	Ort
krut	O
ins	O
Infanteriereg	O
.	O
S1	O
in	O
Altona	Ort
eingestellt	O
.	O
Da	O
er	O
nie	O
gedient	O
hat	O
,	O
schrieb	O
der	O
Reichstageabg	O
.	O
Bassermann	O
,	Person
mit	O
dessen	O
Frau	Person
ich	O
sehr	O
befreundet	O
bin	O
,	O
seinetwegen	O
an	O
den	O
Kriegeminister	O
.	O
Die	O
Antwort	O
nacht	O
dem	O
Litterari	O
-	O
schen	O
Bildungsniveau	O
unsres	O
Kriegsminiteriums	O
alle	O
Ehre	O
.	O
Sie	O
lautete	O
nämlich	O
:	O
In	O
Anbetracht	O
des	O
grossen	O
moralischen	O
Eindrucks	O
,	O
den	O
man	O
auf	O
weite	O
Volkskreise	O
aus	O
der	O
patriotischen	O
Entschliessung	O
des	O
Dichters	O
Dehmel	Person
er	O
-	O
warte	O
,	O
möge	O
man	O
sofort	O
seinen	O
Wunsch	O
erfüllen	O
.	O
Er	O
macht	O
nun	O
alle	O
Übungen	O
mit	O
,	O
und	O
das	O
fällt	O
ihm	O
gradezu	O
leicht	O
,	O
wird	O
aber	O
sonst	O
nicht	O
als	O
”	O
Gemeint	O
behandelt	O
,	O
das	O
heisst	O
,	O
er	O
hat	O
eine	O
eigne	O
Stube	O
und	O
einen	O
Burschen	O
in	O
der	O
Kaserne	O
.	O
im	O
Urlaub	O
und	O
im	O
Essen	O
wird	O
aber	O
durch	O
nichts	O
von	O
den	O
Andern	O
u	O
unterschieden	O
und	O
ich	O
gehe	O
auch	O
jeden	O
abend	O
mit	O
100	O
ander	O
Soldatenbräu	O
-	O
ten	O
zur	O
Besuchszeit	O
in	O
die	O
Kaserne	O
und	O
brige	O
ihm	O
Wurst	O
und	O
Cigarren	O
!	O
Vor	O
dem	O
Eintritt	O
hat	O
er	O
die	O
feierliche	O
Versicherung	O
erhalten	O
,	O
dass	O
er	O
in	O
4	O
Wochen	O
an	O
die	O
Front	O
kommt	O
,	O
sonst	O
hätte	O
er	O
auf	O
den	O
Eintritt	O
verzichtet	O
.	O
Mein	O
geliebter	O
Sohn	Person
ist	O
bei	O
der	O
Feldartillerie	O
,	O
Peter	Person
Dehmel	Person
bei	O
den	O
Leib	O
husarenund	O
so	O
ists	O
Dehmel	Person
recht	O
,	O
denn	O
ihm	O
kann	O
jetzt	O
kein	O
Opfer	O
gross	O
ge	O
-	O
nug	O
sein	O
.	O
Nun	O
aber	O
endlich	O
zu	O
meinem	O
Auftrag	O
.	O
Vorgestern	O
kamen	O
mit	O
Einer	O
Post	O
von	O
Verlegern	O
Anfragen	O
wegen	O
Flugblättern	O
:	O
Caasierer	Person
,	O
v.	Person
Weber	Person
,	O
Eck	Person
und	O
Diederich	Person
.	O
Nun	O
hat	O
Dehmel	Person
sich	O
bis	O
jetzt	O
noch	O
nie	O
entschliessen	O
können	O
,	O
mehr	O
als	O
3	O
Gedichte	O
auf	O
einmal	O
herzugeben	O
,	O
weil	O
er	O
erwartet	O
,	O
dass	O
Sie	O
selber	O
vielleicht	O
gern	O
ein	O
derartiges	O
Flugblaatt	O
erscheinen	O
lassen	O
möch	O
-	O
ten	O
.	O
An	O
sich	O
möchte	O
Dehmel	Person
ausserordentlich	O
gern	O
seine	O
Kriegegedichte	O
(	O
es	O
sind	O
wol	O
6	O
)	O
als	O
Flugblatt	O
für	O
10	O
Of	O
.	O
gedruckt	O
sehn	O
,	O
und	O
da	O
so	O
viele	O
Verle	O
-	O
ger	O
es	O
tun	O
und	O
noch	O
einen	O
Reingewinn	O
den	O
roten	Organisation
Kreuz	Organisation
überweissen	O
wollen	O
,	O
muss	O
es	O
ja	O
wol	O
auch	O
gehn	O
.	O
Abernatürlich	O
möchte	O
Dehmel	Person
Das	O
Blatt	O
gern	O
in	O
Ihrem	O
Verlag	O
haben	O
.	O
.	O
Und	O
sehr	O
schnell	O
müsste	O
es	O
auch	O
gehn	O
.	O
wollen	O
Sie	O
also	O
die	O
Freundlichkeit	O
haben	O
,	O
Ihre	O
Meinung	O
dazu	O
zu	O
äussern	O
.	O
Wenn	O
Sie	O
keine	O
Lust	O
dazu	O
hätten	O
,	O
würde	O
Dehmel	Person
den	O
verschiednen	O
andern	O
Ver	O
-	O
legern	O
das	O
Blatt	O
gestatten	O
,	O
aber	O
,	O
wie	O
gesagt	O
,	O
viel	O
lieber	O
hätte	O
ers	O
bei	O
Ihnen	O
.	O
Mit	O
den	O
herzlichsten	O
Grüssen	O
an	O
Sie	O
Beide	O
.	O
Lieber	O
Herr	O
Dehmel	Person
,	O
ich	O
schicke	O
Ihnen	O
mitfolgend	O
einige	O
Satzproben	O
von	O
Spamer	Person
,	O
Poeschel	Person
und	O
Drugulin	Person
.	O
Ich	O
nehme	O
an	O
,	O
dass	O
Sie	O
mit	O
der	O
Cursiv	O
von	O
Drugulin	Person
einverstanden	O
sein	O
werden	O
,	O
es	O
ist	O
die	O
beste	O
,	O
die	O
wir	O
auf	O
-	O
treiben	O
konnten	O
.	O
Der	O
Durchschuss	O
scheint	O
zu	O
gross	O
,	O
ich	O
glaube	O
,	O
die	O
Schrift	O
wird	O
noch	O
besser	O
wirken	O
,	O
wenn	O
wir	O
einen	O
kleineren	O
Durch	O
-	O
schuss	O
nehmen	O
werden	O
.	O
Wären	O
Sie	O
eventl	O
.	O
für	O
ein	O
grösseres	O
Format	O
zu	O
haben	O
?	O
Wir	O
könnten	O
in	O
diesem	O
Fall	O
eine	O
viel	O
schönere	O
Cursiv	O
bei	O
Poeschel	Person
be	O
-	O
kommen	O
.	O
Vielleicht	O
blättern	O
Sie	O
in	O
dem	O
Gedenkbuch	O
,	O
das	O
ich	O
für	O
meinen	O
Sohn	Person
herausgegeben	O
habe	O
,	O
da	O
ist	O
die	O
Tagebuch	O
-	O
Aufzeichnung	O
in	O
einer	O
wun	O
-	O
dervollen	O
Cursiv	O
gesetzt	O
,	O
die	O
man	O
um	O
einen	O
Grad	O
kleiner	O
bekommen	O
könnte	O
.	O
Wenn	O
Sie	O
wünschen	O
,	O
will	O
ich	O
eine	O
Probeseite	O
setzen	O
lassen	O
.	O
Ich	O
würde	O
ein	O
grösseres	O
Format	O
auch	O
deshalb	O
vorziehen	O
,	O
weil	O
ich	O
doch	O
der	O
Meinung	O
bin	O
,	O
dass	O
das	O
Buch	O
in	O
einem	O
grösseren	O
Format	O
eine	O
bessere	O
Wirkung	O
tut	O
und	O
einen	O
Preis	O
von	O
25	O
-	O
30	O
Mark	O
eher	O
rechtfertigen	O
würde	O
wie	O
das	O
kleine	O
Buch	O
,	O
das	O
doch	O
immerhin	O
einen	O
grossen	O
Teil	O
gedruckter	O
Gedichte	O
enthalten	O
soll	O
.	O
Für	O
den	O
Einband	O
würde	O
ich	O
Tiemann	Person
vorziehen	O
,	O
der	O
mir	O
für	O
deie	O
Antiqua	O
besser	O
scheint	O
wie	O
Weiss	Person
.	O
Wir	O
haben	O
hier	O
auch	O
noch	O
einen	O
jungen	O
Künstler	O
,	O
Erich	Person
Mende	Person
,	O
der	O
anstelle	O
Tiemanns	Person
in	O
Betracht	O
zu	O
ziehen	O
wäre	O
.	O
Existiert	O
eine	O
gute	O
Büste	O
von	O
Ihnen	O
,	O
die	O
ich	O
vielleicht	O
leihweise	O
bekommen	O
könnte	O
,	O
um	O
sie	O
eventl	O
.	O
in	O
der	O
“	O
Bugra	Organisation
”	O
aufzustellen	O
?	O
Mit	O
besten	O
Grüssen	O
Ihr	O
S.Fischer	Person
.	O
Sehr	O
geehrter	O
Herr	Person
!	O
Wir	O
erlauben	O
uns	O
Ihnen	O
mitzuteilen	O
,	O
dass	O
wir	O
Ihnen	O
für	O
die	O
1	O
.	O
und	O
2	O
.	O
Auflage	O
von	O
„	O
Schöne	Werk
wilde	Werk
Welt	Werk
”	O
(	O
2200	O
Expl	O
.	O
)	O
,	O
Laden	O
-	O
preis	O
M.	O
3	O
.	O
—	O
)	O
das	O
Honorar	O
mit	O
M.	O
1500	O
.	O
—	O
gutgeschrieben	O
haben	O
.	O
Hierauf	O
zahlten	O
wir	O
Ihnen	O
am	O
31/5	O
.	O
cr	O
.	O
M.	O
300	O
.	O
—	O
und	O
überweisen	O
auf	O
Ihr	O
Konto	O
bei	O
der	O
Dresdner	Organisation
Bank	Organisation
Filiale	O
Hamburg	Ort
M.	O
1200	O
.	O
—	O
(	O
Zwölfhundert	O
Mark	O
)	O
.	O
Hochachtungsvoll	O
ergebenst	O
SFischer	Organisation
Verlag	Organisation
.	O
Lieber	O
Herr	O
Dehmel	Person
,	O
heute	O
war	O
Herr	O
Brunsbei	Person
mir	O
,	O
um	O
wegen	O
der	O
billigen	O
Ausgabe	O
für	O
die	O
Sozialdemo	O
-	O
kraten	O
mit	O
mir	O
zu	O
sprechen	O
.	O
Jetzt	O
,	O
wo	O
wir	O
den	O
Plan	O
einer	O
billigen	O
Ausgabe	O
Ihrer	O
gesammelten	O
Werke	O
gefasst	O
haben	O
,	O
scheint	O
mir	O
der	O
Band	O
für	O
die	O
Sozialdemokraten	O
eine	O
Konkurrenz	O
für	O
die	O
neue	O
Gesamtausgabe	O
zu	O
werden	O
.	O
Ich	O
meine	O
,	O
dass	O
diese	O
Ausgabe	O
erst	O
kommen	O
dürfte	O
,	O
wenn	O
unsere	O
dreibändige	O
Ausgabe	O
ihre	O
Wirkung	O
getan	O
hat	O
.	O
Es	O
ist	O
dann	O
der	O
letzte	O
wichtige	O
Extract	O
,	O
den	O
wir	O
in	O
dem	O
einen	O
Band	O
zu	O
bieten	O
haben	O
.	O
Herrn	O
Bruns	Person
habe	O
ich	O
einstweilen	O
von	O
mei	O
-	O
nen	O
Bedenken	O
nichts	O
gesagt	O
.	O
Ich	O
habe	O
ihn	O
da	O
-	O
rauf	O
hingewiesen	O
,	O
dass	O
Ihr	O
Buch	O
im	O
nächsten	O
Jahr	O
es	O
vielleicht	O
propagandistisch	O
leichter	O
hätte	O
als	O
in	O
diesem	O
Jahr	O
,	O
und	O
die	O
Verschie	O
-	O
bung	O
auf	O
ein	O
Jahr	O
zur	O
Erwägung	O
anheim	O
gege	O
-	O
ben	O
.	O
Mit	O
herzlichen	O
Grüssen	O
Ihr	O
S.Fischer	Person
.	O
Lieber	O
Herr	O
Dehmel	Person
,	O
Sie	O
haben	O
mir	O
mit	O
den	O
weiteren	O
drei	O
Bänden	O
von	O
Liliencrons	Person
Werken	O
eine	O
grosse	O
Pfingstfreude	O
gemacht	O
.	O
Vielen	O
Dank	O
und	O
herzliche	O
Grüsse	O
von	O
uns	O
zu	O
Ihnen	O
.	O
Ihr	O
S.Fischer	Person
.	O
Liebe	O
gnädige	O
Frau	Person
,	O
es	O
freut	O
mich	O
,	O
Ihnen	O
den	O
Neudruck	O
einiger	O
Auflagen	O
mitteilen	O
zu	O
können	O
.	O
Nach	O
der	O
anliegenden	O
Aufstellung	O
beträgt	O
das	O
Ihnen	O
zustehende	O
Honorar	O
M.	O
2625	O
.	O
—	O
,	O
über	O
die	O
Sie	O
freundlichst	O
ver	O
-	O
fügen	O
wollen	O
.	O
Von	O
“	O
Weib	Werk
und	Werk
Welt	Werk
”	O
und	O
“	O
Lebensblätter	Werk
”	O
drucken	O
wir	O
nur	O
je	O
eine	O
halbe	O
Auflage	O
.	O
Die	O
grosse	O
Papiernot	O
zwingt	O
uns	O
,	O
bei	O
Büchern	O
,	O
die	O
nur	O
einen	O
sehr	O
schwachen	O
Absatz	O
haben	O
,	O
uns	O
mit	O
dem	O
Papier	O
auf	O
das	O
Aeusserste	O
einzurichten	O
.	O
Mit	O
vielen	O
Grüssen	O
Ihr	O
ergebener	O
S.Fischer	Person
.	O
Lieber	O
Herr	O
Fischer	Person
!	O
Ich	O
habe	O
unerwartet	O
schöne	O
Ostern	O
bekommen	O
:	O
Dehmel	Person
hat	O
mich	O
mit	O
einem	O
14	O
tägigen	O
Urlaub	O
überrascht	O
.	O
Er	O
ist	O
durchaus	O
wohl	O
,	O
geradezu	O
wunder	O
-	O
bar	O
unverändert	O
;	O
er	O
kam	O
deshalb	O
,	O
weil	O
ich	O
selbst	O
unter	O
einer	O
4	O
wöchentlichen	O
Influenza	O
sehr	O
gelitten	O
habe	O
und	O
recht	O
depremiert	O
war	O
.	O
Nun	O
bin	O
ich	O
natürlich	O
wieder	O
obenauf	O
,	O
und	O
wir	O
haben	O
beschlossen	O
einen	O
kleinen	O
Abstecher	O
nach	O
Berlin	Ort
zu	O
machen	O
.	O
Wir	O
kommen	O
am	O
Donnersteg	O
Mittag	O
dort	O
an	O
,	O
sind	O
dann	O
Donnerstag	O
besetzt	O
und	O
wollen	O
Freitag	O
Abend	O
zurückfahren	O
.	O
Passt	O
es	O
Ihnen	O
,	O
wenn	O
Wir	O
Freitag	O
(	O
Karfreitag	O
)	O
bei	O
Ihnen	O
zum	O
Mittag	O
essen	O
;	O
und	O
um	O
wieviel	O
Uhr	O
?	O
Bitte	O
lassen	O
Sie	O
uns	O
am	O
Donnerstag	O
früh	O
im	O
Hotel	Organisation
Fürstenhof	Organisation
Ihre	O
Antwort	O
vorfinden	O
,	O
damit	O
wir	O
über	O
unsere	O
übrige	O
Zeit	O
disponieren	O
können	O
.	O
Ihnen	O
und	O
Ihrer	O
Frau	O
herzliche	O
Grüsse	O
.	O
Lieber	O
Freund	Person
,	O
wir	O
wissen	O
zwar	O
,	O
dass	O
Sie	O
jetzt	O
wichtigere	O
Dinge	O
zu	O
tun	O
haben	O
als	O
zu	O
dichten	O
,	O
aber	O
vielleicht	O
haben	O
die	O
Franzosen	O
ein	O
Einsehen	O
und	O
lassen	O
Ihnen	O
Ruhe	O
für	O
ein	O
Gedicht	O
zu	O
Bismarcks	Person
100	O
.	O
Geburts	O
-	O
tag	O
,	O
das	O
wir	O
an	O
die	O
Spitze	O
des	O
Aprilheftes	O
in	O
der	O
Rundschau	Organisation
gern	O
drucken	O
möchten	O
.	O
Kommt	O
das	O
Gedicht	O
in	O
den	O
ersten	O
Märztagen	O
,	O
so	O
kommt	O
es	O
noch	O
zur	O
rechten	O
Zeit	O
für	O
uns	O
.	O
Herzliche	O
Grüsse	O
Ihr	O
SFischer	Person
die	O
Liebesgaben	O
-	O
Post	O
hat	O
hoffentlich	O
functioniert	O
;	O
morgen	O
soll	O
sie	O
wieder	O
in	O
Bewegung	O
gesetzt	O
werden	O
.	O
Lieber	O
Herr	O
Fischer	Person
,	O
ich	O
reise	O
morgen	O
auf	O
einige	O
Wochen	O
in	O
die	O
Berge	O
und	O
kann	O
mir	O
bei	O
meinen	O
Kreuz	O
-	O
und	O
Quer	O
-	O
Touren	O
keine	O
Post	O
nachschicken	O
lassen	O
;	O
ich	O
habe	O
also	O
der	O
Spamer	Person
	O
schen	O
Druckerei	O
geschrieben	O
,	O
dass	O
sie	O
die	O
Korrektursendungen	O
bis	O
nach	O
meiner	O
Rückkehr	O
(	O
spätestens	O
12	O
.	O
August	O
)	O
einstellen	O
soll	O
,	O
inzwischen	O
aber	O
flott	O
weitersetzen	O
möchte	O
.	O
Bitte	O
,	O
geben	O
auch	O
Sie	O
der	O
Firma	O
nochmals	O
diese	O
Anweisung	O
,	O
damit	O
ich	O
Band	O
III	O
fertig	O
gesetzt	O
vorfinde	O
,	O
wenn	O
ich	O
zurückkomme	O
;	O
ich	O
erledige	O
dann	O
den	O
ganzen	O
Rest	O
der	O
Korrekturen	O
und	O
Revisionen	O
in	O
wenigen	O
Tagen	O
,	O
so	O
-	O
dass	O
die	O
Drucklegung	O
noch	O
im	O
August	O
beginnen	O
kann	O
.	O
Auch	O
bit	O
-	O
te	O
ich	O
Sie	O
,	O
die	O
Papierfabrik	O
zur	O
rechtzeitigen	O
Lieferung	O
an	O
-	O
zuhalten	O
;	O
mir	O
liegt	O
sehr	O
daran	O
,	O
dass	O
die	O
Ausgabe	O
schon	O
An	O
-	O
fang	O
Oktober	O
in	O
den	O
Handel	O
kommt	O
,	O
nicht	O
erst	O
zu	O
meinem	O
Ge	O
-	O
burtstag	O
.	O
Denn	O
wie	O
gesagt	O
:	O
Keine	O
“	O
Jubiläumsausgabe	O
”	O
!	O
Mich	O
peinigt	O
diese	O
ganze	O
Besalbölung	O
meiner	O
—	O
—	O
grauen	O
Haare	O
.	O
Mit	O
herzlichem	O
Gruss	O
Ihr	O
Dehmel	Person
.	O
Lieber	O
Herr	O
Fischer	Person
!	O
Nein	O
,	O
ich	O
bin	O
der	O
Meinung	O
,	O
das	O
wir	O
keinerlei	O
Befugnis	O
haben	O
,	O
uns	O
zu	O
Richtern	O
in	O
der	O
Kyserschen	Person
Sache	O
aufzuwerfen	O
,	O
nachdem	O
die	O
Schillerstif	O
-	O
tung	O
die	O
Einberufung	O
eines	O
Schiedsgerichts	O
abgelehnt	O
hat	O
.	O
Wohl	O
aber	O
sind	O
wir	O
—	O
wie	O
jeder	O
Deutsche	O
—	O
befugt	O
,	O
darüber	O
zu	O
beraten	O
,	O
wie	O
wir	O
.	O