Lieber	O
Herr	O
Dehmel	O
—	O
Herzlichen	O
Dank	O
für	O
den	O
Brief	O
an	O
den	O
Grafen	O
Kessler	O
;	O
nun	O
werden	O
mir	O
in	O
Berlin	O
die	O
Wege	O
geebnet	O
sein	O
.	O
Aber	O
wie	O
können	O
Sie	O
diesen	O
Optimis	O
-	O
mus	O
verantworten	O
?	O
Ich	O
werde	O
mir	O
rastlose	O
Mühe	O
geben	O
müßen	O
um	O
Sie	O
nicht	O
vollkommen	O
zu	O
blamieren	O
.	O
Schamlos	O
genug	O
war	O
ich	O
den	O
Brief	O
ab	O
-	O
zusenden	O
und	O
kann	O
nicht	O
verhehlen	O
,	O
daß	O
ich	O
mich	O
sogar	O
über	O
ihn	O
gefreut	O
habe	O
—	O
Ebenfalls	O
unseren	O
besten	O
Dank	O
für	O
die	O
liebenswürdige	O
Einladung	O
bei	O
Bischoffs	O
,	O
wir	O
werden	O
natürlich	O
sehr	O
gern	O
mitgehen	O
,	O
ich	O
freue	O
mich	O
sehr	O
auf	O
Ihre	O
„	O
Zwei	O
Menschen	O
‟	O
.	O
—	O
Morgen	O
Dienstag	O
Nachmittag	O
2	O
Uhr	O
kommt	O
der	O
Photo	O
-	O
graf	O
zu	O
mir	O
;	O
können	O
Sie	O
dann	O
hier	O
sein	O
.	O
Das	O
Einfachste	O
ist	O
:	O
Sie	O
Beide	O
kommen	O
um	O
1	O
Uhr	O
zu	O
uns	O
zum	O
Essen	O
,	O
dann	O
habe	O
ich	O
vor	O
meiner	O
Abreise	O
auch	O
noch	O
etwas	O
von	O
Ihnen	O
und	O
alles	O
Wei	O
-	O
tere	O
findet	O
sich	O
von	O
selbst	O
.	O
Mit	O
herzl	O
.	O
Gruße	O
Ihr	O
Peter	O
Behrens	O
.	O
Lieber	O
Herr	O
Dehmel	O
—	O
Gewiß	O
sind	O
wir	O
Anfang	O
December	O
hier	O
:	O
wenn	O
ich	O
hätte	O
fortgehen	O
wollen	O
,	O
so	O
hätte	O
ich	O
Ihres	O
Besuches	O
wegen	O
die	O
Rei	O
-	O
se	O
verschoben	O
.	O
Es	O
ist	O
reizend	O
,	O
daß	O
Sie	O
Bei	O
-	O
de	O
kommen	O
.	O
Ich	O
wollte	O
Ihnen	O
schon	O
einige	O
Male	O
schreiben	O
und	O
Sie	O
auffordern	O
zu	O
kommen	O
,	O
da	O
Sie	O
doch	O
geradesogut	O
,	O
wie	O
anderwo	O
,	O
auch	O
einige	O
Zeit	O
hier	O
leben	O
können	O
,	O
aber	O
Ju	O
Bierbaum	O
hat	O
immer	O
,	O
trotz	O
mehrmaliger	O
Anfrage	O
,	O
vergessen	O
mir	O
Ihre	O
Adresse	O
mitzuteilen	O
.	O
So	O
konnte	O
ich	O
mich	O
auch	O
noch	O
nicht	O
für	O
die	O
freundliche	O
Dedication	O
des	O
Lucifer	O
bedanken	O
,	O
was	O
hiermit	O
herzlichst	O
geschieht	O
.	O
Auf	O
Wiedersehen	O
!	O
Wir	O
freuen	O
uns	O
riesig	O
.	O
Ihr	O
Peter	O
Behrens	O
.	O
Lieber	O
Richard	O
—	O
Die	O
Zeichnung	O
für	O
die	O
„	O
Erziehung	O
zur	O
Ehe	O
‟	O
soll	O
keineswegs	O
ein	O
Bei	O
-	O
spiel	O
dafür	O
sein	O
,	O
wie	O
ich	O
die	O
Zwischenstücke	O
in	O
den	O
„	O
Zwei	O
Menschen	O
machen	O
werde	O
,	O
sondern	O
Dir	O
nur	O
zei	O
-	O
gen	O
,	O
daß	O
ich	O
mich	O
mit	O
der	O
ornamen	O
-	O
talen	O
Verwendung	O
des	O
Menschen	O
be	O
-	O
faßt	O
habe	O
.	O
Auf	O
die	O
Farbenzusammen	O
-	O
stellung	O
hat	O
übrigens	O
Sami	O
Fischer	O
geistiges	O
Urheberrecht	O
.	O
Wenn	O
ich	O
es	O
irgend	O
machen	O
kann	O
,	O
kom	O
-	O
me	O
ich	O
bis	O
1	O
.	O
Februar	O
nach	O
München	O
denn	O
die	O
Aufführung	O
Deines	O
„	O
Gen	O
Himmel	O
‟	O
möchte	O
ich	O
gern	O
hören	O
.	O
Ob	O
wir	O
zu	O
zweit	O
kommen	O
,	O
darüber	O
ist	O
bis	O
jetzt	O
noch	O
nichts	O
zu	O
sagen	O
.	O
Jeden	O
falls	O
aber	O
könnt	O
Ihr	O
beruhigt	O
in	O
Lu	O
s	O
Haus	O
einziehen	O
,	O
denn	O
Lilli	O
würde	O
immer	O
bei	O
ihrer	O
Mutter	O
wohnen	O
und	O
auf	O
mich	O
ist	O
keine	O
Rücksicht	O
zu	O
nehmen	O
.	O
Das	O
Zimmer	O
nennt	O
Lu	O
in	O
einem	O
Anfall	O
von	O
altruistischem	O
Größenwahn	O
nach	O
mir	O
,	O
weil	O
2	O
Holzschnitte	O
von	O
mir	O
darinhängen	O
.	O
Für	O
Frau	O
Isis	O
Bemühungen	O
in	O
meiner	O
Binger	O
Erbschaftsschleicherei	O
sage	O
ich	O
ihr	O
herzlichen	O
Dank	O
.	O
Ich	O
freue	O
mich	O
auf	O
unser	O
Wiedersehen	O
.	O
Wir	O
beiden	O
grüßen	O
Dich	O
und	O
Frau	O
Isi	O
herzlich	O
.	O
Dein	O
Peter	O
.	O
Mein	O
lieber	O
Richard	O
—	O
Hier	O
im	O
Kartesaal	O
des	O
Bahnhofes	O
gelingt	O
es	O
mir	O
endlich	O
Zeit	O
zu	O
fin	O
-	O
den	O
Euren	O
freundlichen	O
Brief	O
und	O
Karte	O
zu	O
beantworten	O
.	O
Meine	O
Ar	O
-	O
beit	O
drängte	O
sich	O
in	O
der	O
letzten	O
Zeit	O
so	O
daß	O
ich	O
selbst	O
meine	O
liebsten	O
Freunde	O
vernachläßigen	O
mußte	O
.	O
Morgen	O
hoffe	O
ich	O
aus	O
Notwendigkeit	O
uns	O
zur	O
Erholung	O
für	O
3	O
Tage	O
eine	O
Hetzreise	O
nach	O
Hamburg	O
und	O
Berlin	O
anzutreten	O
.	O
Wenn	O
es	O
in	O
dieser	O
Weise	O
weiter	O
geht	O
,	O
hört	O
die	O
Arbeit	O
bald	O
auf	O
ein	O
Vergnügen	O
zu	O
sein	O
.	O
Eure	O
Urne	O
—	O
das	O
ist	O
ja	O
eine	O
toll	O
feine	O
Idee	O
.	O
Du	O
kannst	O
Dir	O
ja	O
denken	O
wie	O
gern	O
ich	O
das	O
mache	O
.	O
Ich	O
finde	O
das	O
in	O
Gedanken	O
schon	O
so	O
stylistisch	O
,	O
weißt	O
du	O
,	O
als	O
Styl	O
im	O
Leben	O
,	O
daß	O
ich	O
in	O
hellen	O
Flammen	O
der	O
Begeisterung	O
stand	O
.	O
Nur	O
stylistische	O
Menschen	O
können	O
eine	O
so	O
stylistische	O
Idee	O
haben	O
.	O
Wenn	O
es	O
irgend	O
geht	O
,	O
will	O
ich	O
die	O
Urne	O
bis	O
zu	O
unsere	O
Aus	O
-	O
stellung	O
im	O
nächsten	O
Frühling	O
fertig	O
haben	O
.	O
Mir	O
paßt	O
es	O
riesig	O
„	O
in	O
meinen	O
Kram	O
‟	O
.	O
Wir	O
müßen	O
natürlich	O
noch	O
genau	O
darüber	O
correspondieren	O
.	O
Ich	O
werde	O
es	O
dem	O
Grafen	O
Kessler	O
in	O
Berlin	O
er	O
-	O
zählen	O
;	O
das	O
darf	O
ich	O
doch	O
?	O
Unsere	O
Ausstellungssache	O
hier	O
macht	O
gute	O
Fortschritte	O
.	O
Wir	O
müßen	O
staunen	O
über	O
das	O
Inter	O
-	O
esse	O
von	O
allen	O
Seiten	O
.	O
Die	O
Garantie	O
-	O
zeichner	O
fangen	O
an	O
sich	O
von	O
selbst	O
zu	O
melden	O
.	O
Ich	O
glaube	O
auch	O
,	O
daß	O
aus	O
dem	O
Theater	O
jetzt	O
etwas	O
wird	O
,	O
der	O
Großherzog	O
ist	O
dafür	O
gewonnen	O
,	O
nur	O
will	O
er	O
„	O
sichere	O
‟	O
Stücke	O
.	O
Wenn	O
Dir	O
noch	O
irgendwas	O
Geeignetes	O
,	O
was	O
für	O
die	O
Leute	O
nicht	O
zu	O
haarstäubend	O
ist	O
,	O
einfällt	O
,	O
thät	O
	O
st	O
du	O
mir	O
einen	O
Gefallen	O
darüber	O
zu	O
berichten	O
.	O
Nächstens	O
schicke	O
ich	O
ihm	O
alles	O
,	O
was	O
in	O
Betracht	O
kommt	O
nach	O
Capri	O
.	O
Der	O
Kerl	O
(	O
Portier	O
)	O
ruft	O
ab	O
.	O
Herzliche	O
Grüße	O
an	O
Frau	O
Isi	O
und	O
Dich	O
Dein	O
Peter	O
.	O
Lieber	O
Richard	O
—	O
Vor	O
einigen	O
Tagen	O
war	O
ich	O
mit	O
Olbrich	O
in	O
Wien	O
und	O
dort	O
mit	O
F.	O
Blei	O
zusam	O
-	O
men	O
und	O
erfuhr	O
von	O
diesem	O
daß	O
Frau	O
Isi	O
so	O
krank	O
ist	O
.	O
Das	O
thut	O
uns	O
aufrichtig	O
leid	O
.	O
—	O
Man	O
trägt	O
sein	O
Leid	O
am	O
besten	O
selbst	O
für	O
sich	O
—	O
doch	O
schreibe	O
uns	O
jetzt	O
,	O
wie	O
es	O
ihr	O
geht	O
,	O
wir	O
haben	O
herzlichen	O
Anteil	O
.	O
Was	O
macht	O
dein	O
Roman	O
.	O
Hat	O
Bierbaum	O
Dir	O
mitgeteilt	O
daß	O
mein	O
Verhältnis	O
zur	O
Insel	O
aufge	O
-	O
hört	O
hat	O
?	O
Jedenfalls	O
.	O
Dir	O
kann	O
nichts	O
daran	O
liegen	O
,	O
denn	O
Deine	O
Romanzen	O
hängen	O
nicht	O
von	O
äußeren	O
Dingen	O
ab	O
,	O
die	O
werden	O
bleiben	O
,	O
wie	O
sie	O
auch	O
immer	O
gedruckt	O
werden	O
.	O
Für	O
mich	O
ist	O
nur	O
das	O
zu	O
bedauern	O
,	O
daß	O
meine	O
Buchstaben	O
nicht	O
diese	O
stolzen	O
Verse	O
sprechen	O
werden	O
.	O
Vielleicht	O
können	O
wir	O
dann	O
aber	O
doch	O
später	O
noch	O
das	O
Buch	O
zusammen	O
machen	O
.	O
Bierbaum	O
verstehe	O
ich	O
nicht	O
mehr	O
Nein	O
—	O
im	O
Gegenteil	O
—	O
ich	O
verstehe	O
ihn	O
und	O
alles	O
,	O
was	O
er	O
thut	O
und	O
that	O
,	O
erst	O
recht	O
.	O
—	O
Es	O
ist	O
wahrhaftig	O
besser	O
,	O
wenn	O
man	O
sich	O
in	O
einem	O
Menschen	O
geirrt	O
hat	O
,	O
daß	O
man	O
ihn	O
schätzte	O
.	O
Das	O
Beschämende	O
ist	O
ihm	O
Unrecht	O
gethan	O
zu	O
haben	O
.	O
Gestern	O
war	O
Schäfer	O
aus	O
Düsseldorf	O
bei	O
mir	O
wegen	O
seiner	O
Zeitschrift	O
,	O
ich	O
will	O
ihm	O
helfen	O
so	O
gut	O
ich	O
kann	O
,	O
doch	O
habe	O
ich	O
hierauf	O
nicht	O
viel	O
Ver	O
-	O
trauen	O
.	O
Gestern	O
Abend	O
war	O
Wolfskehl	O
unser	O
Gast	O
,	O
der	O
mir	O
sehr	O
gefällt	O
.	O
Wir	O
haben	O
viel	O
von	O
Dir	O
und	O
über	O
deine	O
Kunst	O
gesprochen	O
.	O
Auch	O
in	O
Wien	O
bei	O
Herman	O
Bahr	O
freute	O
ich	O
mich	O
in	O
ihm	O
einen	O
Freund	O
von	O
Dir	O
zu	O
finden	O
.	O
Unser	O
Theaterplan	O
nimmt	O
neue	O
festere	O
Formen	O
an	O
.	O
Ich	O
glaube	O
jetzt	O
der	O
Sache	O
näher	O
zu	O
kommen	O
.	O
Natürlich	O
nicht	O
mehr	O
auf	O
dem	O
Hoftheater	O
mit	O
einem	O
Stabe	O
von	O
„	O
Litteraten	O
‟	O
und	O
Direktoren	O
.	O
Wir	O
werden	O
selbst	O
der	O
Kunst	O
einen	O
Tempel	O
bauen	O
,	O
dadrinnen	O
soll	O
es	O
heilig	O
sein	O
.	O
Ich	O
denke	O
jetzt	O
fast	O
nur	O
an	O
das	O
und	O
wollte	O
ich	O
könnte	O
mich	O
mit	O
Dir	O
darüber	O
aussprechen	O
:	O
ich	O
weiß	O
Du	O
würdest	O
zu	O
mir	O
stehen	O
.	O
Schreibe	O
mir	O
bald	O
auch	O
wann	O
ich	O
Dich	O
wieder	O
einmal	O
sehen	O
kann	O
.	O
In	O
Herzlichkeit	O
Dein	O
Peter	O
.	O
NB	O
.	O
Ist	O
‚	O
die	O
Lebensmesse	O
‛	O
eigentlich	O
in	O
Musik	O
gesetzt	O
?	O
Es	O
würde	O
meine	O
Frau	O
und	O
mich	O
sehr	O
freuen	O
Sie	O
beide	O
heute	O
Donnerstag	O
Abend	O
1/2	O
8	O
Uhr	O
bei	O
uns	O
zu	O
sehen	O
.	O
Mit	O
herzlichem	O
Gruße	O
Peter	O
Behrens	O
.	O
Lieber	O
Richard	O
—	O
Gestern	O
war	O
also	O
der	O
große	O
Tag	O
der	O
Eröffnung	O
,	O
und	O
wir	O
sind	O
noch	O
soeben	O
,	O
wenigstens	O
annähernd	O
fertig	O
geworden	O
.	O
Einiges	O
fehlt	O
noch	O
,	O
aber	O
Ende	O
dieser	O
Woche	O
hoffe	O
ich	O
doch	O
daß	O
alles	O
steht	O
.	O
Die	O
Düsseldorfer	O
stehen	O
der	O
Sache	O
sehr	O
fremd	O
gegenüber	O
,	O
viel	O
mehr	O
als	O
die	O
Darmstädter	O
seinerzeit	O
;	O
oder	O
haben	O
dort	O
die	O
verständigen	O
Fremden	O
überwogen	O
.	O
Da	O
es	O
eben	O
eine	O
Gartenanlage	O
ist	O
,	O
wird	O
die	O
beste	O
Werkung	O
erst	O
im	O
Hochsommer	O
,	O
wenn	O
alles	O
bewachsen	O
und	O
aufgegangen	O
ist	O
,	O
herauskom	O
-	O
men	O
.	O
Nichtsdestoweniges	O
glaube	O
ich	O
aber	O
Euch	O
raten	O
zu	O
dürfen	O
Ende	O
der	O
Woche	O
herzu	O
-	O
kommen	O
.	O
Unser	O
Gang	O
zu	O
von	O
Ehren	O
war	O
wirk	O
-	O
lich	O
nicht	O
nutzlos	O
:	O
die	O
Taxushecke	O
macht	O
sich	O
prachtvoll	O
!	O
Also	O
auf	O
baldiges	O
Wiedersehen	O
Euer	O
Peter	O
.	O
Lieber	O
Richard	O
—	O
Besten	O
Dank	O
für	O
deine	O
Bemühung	O
.	O
Es	O
ist	O
nicht	O
mehr	O
nötig	O
:	O
Seit	O
gestern	O
bin	O
legitimer	O
Besitzer	O
von	O
Grund	O
und	O
Boden	O
und	O
habe	O
auch	O
„	O
Schriftliches	O
‟	O
von	O
meinem	O
Geldmann	O
.	O
Einen	O
solchen	O
„	O
Grund	O
und	O
Boden	O
‟	O
mußte	O
ich	O
jetzt	O
aber	O
auch	O
gerade	O
haben	O
,	O
um	O
darauf	O
„	O
bauen	O
‟	O
zu	O
können	O
:	O
aller	O
der	O
vielen	O
Luftschlößer	O
wegen	O
.	O
Dieser	O
wegen	O
.	O
Deines	O
gehört	O
auch	O
dazu	O
.	O
Wenn	O
irgendwie	O
die	O
Zeit	O
langt	O
,	O
mache	O
ich	O
es	O
doch	O
als	O
architektonischer	O
Entwurf	O
bis	O
zur	O
Ausstellung	O
noch	O
fertig	O
,	O
und	O
stelle	O
es	O
als	O
solchen	O
mit	O
aus	O
.	O
Ich	O
habe	O
viel	O
vor	O
,	O
ich	O
weiß	O
es	O
wohl	O
,	O
aber	O
ich	O
werde	O
mich	O
bis	O
zum	O
nächsten	O
Frühling	O
tüchtig	O
dran	O
halten	O
,	O
und	O
dann	O
wird	O
noch	O
manches	O
fertig	O
werden	O
.	O
Was	O
war	O
das	O
für	O
ein	O
schöner	O
Tag	O
in	O
Heidelberg	O
.	O
Du	O
darfst	O
Dich	O
nicht	O
wun	O
-	O
dern	O
,	O
wenn	O
ich	O
nächstens	O
wieder	O
	O
mal	O
ankomme	O
.	O
Morgen	O
reise	O
ich	O
nach	O
Mettlach	O
und	O
werde	O
wohl	O
vor	O
Frei	O
-	O
tag	O
Abend	O
nicht	O
wieder	O
zurücksein	O
.	O
So	O
schnell	O
wird	O
Schäfer	O
auch	O
wohl	O
nicht	O
kommen	O
.	O
Wenn	O
du	O
Nachricht	O
hast	O
teile	O
mir	O
es	O
nur	O
gleich	O
mit	O
,	O
ich	O
bin	O
dann	O
bereit	O
.	O
Werden	O
muß	O
etwas	O
,	O
so	O
oder	O
so	O
.	O
Und	O
werden	O
wird	O
etwas	O
,	O
das	O
sag	O
ich	O
Dir	O
.	O
Grüße	O
Frau	O
Isi	O
Herzlichst	O
Dein	O
Peter	O
NB	O
.	O
Gestern	O
hätte	O
ich	O
ein	O
Rendezvous	O
mit	O
Jessen	O
in	O
der	O
typographischen	O
Ausstellung	O
in	O
Mainz	O
.	O
Der	O
will	O
nun	O
doch	O
wieder	O
meine	O
Type	O
an	O
den	O
Mann	O
der	O
großen	O
Maschine	O
bringen	O
und	O
hält	O
eine	O
kleine	O
Ausgabe	O
nicht	O
für	O
exact	O
genug	O
.	O
Ich	O
laße	O
ihn	O
vor	O
-	O
läufig	O
	O
mal	O
machen	O
.	O
Lieber	O
Richard	O
—	O
Es	O
ist	O
unerhört	O
,	O
daß	O
ich	O
Dich	O
seit	O
einer	O
Woche	O
und	O
mehr	O
wieder	O
nicht	O
gesehen	O
habe	O
.	O
Natürlich	O
ist	O
es	O
meine	O
Schuld	O
,	O
doch	O
muß	O
bei	O
mir	O
jetzt	O
alles	O
auf	O
die	O
Bau	O
-	O
Note	O
geschrieben	O
werden	O
.	O
Nun	O
denke	O
ich	O
mit	O
Schrecken	O
daran	O
,	O
daß	O
vielleicht	O
die	O
typographische	O
Ausstellung	O
ihrem	O
Schluß	O
entgegen	O
geht	O
,	O
oder	O
vielleicht	O
schon	O
erreicht	O
hat	O
,	O
so	O
daß	O
Du	O
durch	O
meine	O
Bummelei	O
diese	O
Anregung	O
versäumt	O
hättest	O
.	O
Erkundige	O
Dich	O
doch	O
danach	O
,	O
ich	O
weiß	O
leider	O
nichts	O
darüber	O
.	O
Wenn	O
Sie	O
noch	O
einige	O
Zeit	O
dauern	O
würde	O
,	O
wäre	O
es	O
mir	O
ein	O
Vergnügen	O
gerade	O
mit	O
Euch	O
noch	O
-	O
mal	O
hinzugehen	O
.	O
Das	O
könnte	O
allerdings	O
erst	O
Ende	O
nächster	O
Woche	O
sein	O
,	O
denn	O
Sonnabend	O
Abend	O
will	O
ich	O
für	O
2	O
bis	O
3	O
Tage	O
nach	O
Paris	O
fahren	O
.	O
Diese	O
Reise	O
habe	O
ich	O
mir	O
nun	O
so	O
gedacht	O
,	O
daß	O
ich	O
mit	O
Lilli	O
Sonnabend	O
um	O
3	O
Uhr	O
17	O
.	O
in	O
Heidelberg	O
eintreffe	O
,	O
wir	O
mit	O
Euch	O
bis	O
Abend	O
zusammen	O
sein	O
könnten	O
,	O
ich	O
dann	O
und	O
9	O
Uhr	O
,	O
Lilli	O
um	O
8	O
Uhr	O
50	O
abends	O
wieder	O
abführen	O
.	O
Ist	O
Euch	O
das	O
recht	O
?	O
Der	O
Aufsatz	O
für	O
Schäfer	O
ist	O
durch	O
meine	O
andere	O
Arbeit	O
auch	O
bis	O
heute	O
liegen	O
geblieben	O
.	O
Es	O
werden	O
ein	O
paar	O
Tage	O
nichts	O
ausmachen	O
.	O
Magst	O
du	O
so	O
gut	O
sein	O
und	O
ihn	O
mal	O
durchblättern	O
?	O
Ich	O
mag	O
ihn	O
nicht	O
.	O
Diese	O
Diplomatie	O
ist	O
doch	O
keine	O
Anregung	O
für	O
mich	O
etwas	O
zu	O
machen	O
.	O
Ich	O
meine	O
nicht	O
,	O
daß	O
er	O
diplo	O
-	O
matisch	O
nicht	O
gut	O
wäre	O
,	O
aber	O
dieser	O
Ton	O
und	O
Geschimpf	O
ist	O
mir	O
widerlich	O
.	O
Das	O
was	O
ich	O
über	O
die	O
Ausstellungen	O
als	O
Culturlosig	O
-	O
keit	O
sagen	O
will	O
,	O
möchte	O
ich	O
mit	O
etwas	O
anderem	O
zusammen	O
einmal	O
sagen	O
.	O
Ich	O
möchte	O
nur	O
gern	O
hören	O
,	O
ob	O
Du	O
meinst	O
,	O
daß	O
ich	O
ihn	O
Schäfer	O
schicken	O
soll	O
,	O
ihn	O
ändern	O
,	O
oder	O
es	O
ganz	O
lassen	O
soll	O
.	O
Du	O
kannst	O
ihn	O
mir	O
in	O
Heidelberg	O
dann	O
wieder	O
geben	O
.	O
Diederichs	O
hat	O
meinen	O
Aufsatz	O
über	O
die	O
Bühne	O
genommen	O
und	O
freut	O
sich	O
sehr	O
darauf	O
ein	O
„	O
Ausstattungsstück	O
‟	O
,	O
wie	O
er	O
sich	O
sinnig	O
ausdrückt	O
,	O
daraus	O
zu	O
bekommen	O
.	O
Ich	O
will	O
sehen	O
,	O
daß	O
etwas	O
Gutes	O
daraus	O
wird	O
.	O
Eine	O
schulende	O
Vorbereitung	O
für	O
die	O
„	O
Zwei	O
Menschen	O
‟	O
.	O
Lilli	O
freut	O
sich	O
sehr	O
auf	O
Frau	O
Isi	O
.	O
Grüße	O
sie	O
herzlich	O
von	O
uns	O
und	O
ant	O
-	O
worte	O
gleich	O
,	O
ob	O
wir	O
kommen	O
dürfen	O
Herzlichst	O
Dein	O
Peter	O
.	O
Krebs	O
ist	O
da	O
resp	O
hier	O
also	O
kommt	O
Peter	O
Muss	O
dich	O
heute	O
nötig	O
sprechen	O
,	O
erwarten	O
euch	O
gegen	O
5	O
uhr	O
da	O
tagsüber	O
arbeite	O
Peter	O
Lieber	O
Richard	O
—	O
Von	O
Krebs	O
habe	O
ich	O
noch	O
keine	O
weitere	O
Nachricht	O
erhal	O
-	O
ten	O
;	O
ich	O
kann	O
also	O
nicht	O
garantieren	O
,	O
daß	O
er	O
kommt	O
.	O
Das	O
beste	O
ist	O
:	O
Ihr	O
wartet	O
bis	O
Samstag	O
Abend	O
auf	O
ein	O
Telegramm	O
von	O
mir	O
;	O
das	O
Euch	O
von	O
der	O
Ankunft	O
Krebsens	O
benachrichtigen	O
wird	O
.	O
Uns	O
seid	O
Ihr	O
stets	O
willkommen	O
,	O
wie	O
Ihr	O
wißt	O
.	O
Dein	O
Peter	O
.	O
Lieber	O
Richard	O
—	O
Leider	O
können	O
wir	O
heute	O
Nachmittag	O
nicht	O
kom	O
-	O
men	O
;	O
ich	O
habe	O
eine	O
wichtige	O
Sitzung	O
.	O
Wir	O
kommen	O
voraussichtlich	O
Sonntag	O
mit	O
dem	O
bewußten	O
Nachmittagszug	O
,	O
müßen	O
aber	O
einen	O
frühern	O
Zug	O
nach	O
Hause	O
nehmen	O
.	O
Herzlichst	O
Peter	O
.	O
Mein	O
lieber	O
Richard	O
—	O
Warum	O
hast	O
Du	O
nicht	O
Wort	O
gehalten	O
?	O
Warum	O
seid	O
Ihr	O
in	O
der	O
vergangenen	O
Woche	O
nicht	O
gekommen	O
;	O
es	O
waren	O
doch	O
einige	O
so	O
schöne	O
Tage	O
?	O
In	O
dieser	O
Woche	O
rechne	O
ich	O
nun	O
aber	O
sicher	O
darauf	O
.	O
Durch	O
Deinen	O
Brief	O
hast	O
Du	O
mich	O
ganz	O
stolz	O
gemacht	O
—	O
wenn	O
Du	O
so	O
etwas	O
sagst	O
...	O
Ich	O
habe	O
noch	O
öfters	O
an	O
die	O
durch	O
Deine	O
liebenswürdige	O
Vermittlung	O
veran	O
-	O
lasste	O
Besprechung	O
meiner	O
Schrift	O
in	O
der	O
Frankfurter	O
Zeitung	O
gedacht	O
und	O
hätte	O
gern	O
zuvor	O
nochmal	O
mit	O
Dir	O
da	O
-	O
rüber	O
gesprochen	O
.	O
Ich	O
glaube	O
nämlich	O
daß	O
man	O
jetzt	O
sehr	O
vorsichtig	O
sein	O
muß	O
,	O
bis	O
zur	O
Ausstellung	O
:	O
Das	O
Ver	O
-	O
hältnis	O
von	O
mir	O
zu	O
Olbrich	O
fängt	O
an	O
ernster	O
zu	O
werden	O
und	O
ich	O
bin	O
auf	O
allerart	O
Dinge	O
gefaßt	O
.	O
Auch	O
hierüber	O
hätte	O
ich	O
mich	O
gern	O
ein	O
-	O
mal	O
mit	O
Dir	O
mich	O
ausgesprochen	O
.	O
Also	O
kommt	O
bald	O
.	O
In	O
aller	O
Herzlichkeit	O
Dein	O
Peter	O
.	O
Lieber	O
Richard	O
,	O
hast	O
Du	O
nicht	O
noch	O
2	O
Sonderabzüge	O
von	O
Deiner	O
Lebensmesse	O
aus	O
dem	O
Pan	O
,	O
die	O
ich	O
zerschneiden	O
könnte	O
und	O
in	O
mein	O
Manuscript	O
einkeben	O
?	O
Es	O
wäre	O
auch	O
gut	O
wegen	O
des	O
Zeilen	O
-	O
satzes	O
.	O
Herzlichst	O
Peter	O
.	O
Lieber	O
Richard	O
—	O
Hier	O
ist	O
der	O
Aufsatz	O
.	O
2	O
Zeichnungen	O
:	O
Eine	O
Hausplanskizze	O
und	O
eine	O
Bühnenan	O
-	O
ordnung	O
des	O
Schlußbildes	O
mit	O
Bezeichnungen	O
der	O
Hauptdarsteller	O
und	O
Chöre	O
fertige	O
ich	O
heute	O
an	O
.	O
Bitte	O
sieh	O
die	O
Sache	O
genau	O
durch	O
.	O
Vielleicht	O
ist	O
es	O
Dir	O
möglich	O
Änderungen	O
mit	O
Bleistift	O
fein	O
hineinzuschreiben	O
,	O
so	O
daß	O
ich	O
es	O
dann	O
mit	O
Tinte	O
ändern	O
kann	O
.	O
Ich	O
würde	O
das	O
nochmalige	O
Abschreiben	O
sparen	O
.	O
Ich	O
habe	O
wahnsinnig	O
zu	O
thun	O
und	O
bezweifle	O
,	O
daß	O
ich	O
nach	O
Heidelberg	O
kommen	O
kann	O
.	O
Die	O
Lebensmesse	O
werden	O
sie	O
dort	O
wohl	O
ohne	O
weitere	O
Augabe	O
richtig	O
hineinsetzen	O
.	O
Die	O
Sache	O
ist	O
wohl	O
recht	O
eilig	O
Mit	O
herzlichem	O
Gruße	O
Dein	O
Peter	O
.	O
Ich	O
habe	O
die	O
Korrekturen	O
(	O
2	O
Menschen	O
)	O
oft	O
gelesen	O
:	O
Ich	O
bin	O
von	O
neuem	O
begeistert	O
,	O
aber	O
die	O
„	O
Erhörungen	O
‟	O
finde	O
ich	O
augenblicklich	O
über	O
alles	O
groß	O
.	O
Mein	O
lieber	O
guter	O
Richard	O
—	O
Sei	O
nicht	O
böse	O
,	O
daß	O
ich	O
Dir	O
erst	O
heute	O
den	O
versprochenen	O
Ring	O
sende	O
.	O
Hier	O
ist	O
er	O
jetzt	O
—	O
und	O
hoffentlich	O
kannst	O
Du	O
nach	O
diesen	O
Angaben	O
etwas	O
daraus	O
machen	O
.	O
Mit	O
Frier	O
war	O
es	O
nichts	O
:	O
ich	O
hätte	O
also	O
noch	O
gut	O
einige	O
Stunden	O
bei	O
Dir	O
sitzen	O
bleiben	O
können	O
.	O
Auch	O
das	O
habe	O
ich	O
Dir	O
nicht	O
gleich	O
mitgeteilt	O
.	O
Entschuldige	O
:	O
ich	O
bin	O
wirklich	O
ein	O
gehetztes	O
Wild	O
und	O
werde	O
mir	O
,	O
wie	O
Deine	O
geniale	O
Waise	O
,	O
„	O
rehgraue	O
‟	O
Schuhe	O
machen	O
lassen	O
Es	O
war	O
übrigens	O
eine	O
sehr	O
schöne	O
Nacht	O
,	O
neulich	O
bei	O
Dir	O
.	O
Aber	O
Du	O
Armer	O
mußt	O
ja	O
,	O
nun	O
auch	O
noch	O
durch	O
das	O
Abschreiben	O
,	O
furchtbar	O
müde	O
geworden	O
sein	O
.	O
Ich	O
danke	O
Dir	O
auch	O
nochmals	O
für	O
diesen	O
Dienst	O
.	O
Heute	O
war	O
Schäfer	O
hier	O
.	O
Das	O
Heft	O
wird	O
jetzt	O
.	O
Am	O
Sonntag	O
besuchten	O
mich	O
unverhofft	O
zugleich	O
Krebs	O
und	O
Smith	O
.	O
Es	O
war	O
ein	O
sehr	O
angeregter	O
Tag	O
.	O
Sie	O
waren	O
beide	O
sehr	O
erreg	O
entzückt	O
von	O
meinem	O
Haus	O
und	O
Smith	O
machte	O
Krebs	O
sofort	O
abstinent	O
—	O
zu	O
komisch	O
.	O
Der	O
Mann	O
besitzt	O
eine	O
staunenswerthe	O
Dia	O
-	O
lektik	O
.	O
Sei	O
froh	O
,	O
daß	O
Du	O
nicht	O
da	O
warst	O
!	O
In	O
Herzlichkeit	O
Dein	O
Peter	O
.	O
Lieber	O
Richard	O
—	O
Frau	O
Eggers	O
aus	O
Bremen	O
,	O
die	O
Mutter	O
von	O
Dr.	O
Eggers	O
,	O
der	O
mir	O
,	O
wie	O
ich	O
Dir	O
wohl	O
erzählte	O
,	O
in	O
mancher	O
Beziehnung	O
bei	O
der	O
Gründung	O
meiner	O
Ausstellungsrestaurant	O
-	O
Gesell	O
-	O
schaft	O
behülflich	O
war	O
,	O
ist	O
zur	O
Zeit	O
in	O
Düsseldorf	O
und	O
erzählt	O
von	O
Plänen	O
die	O
sie	O
in	O
Bremen	O
ausführen	O
will	O
.	O
Sie	O
steht	O
an	O
der	O
Spitze	O
des	O
dortigen	O
Arbeiterinnen	O
-	O
heim	O
-	O
Vereins	O
und	O
hat	O
mit	O
dem	O
Vorstand	O
angeregt	O
dem	O
Verein	O
durch	O
einen	O
künst	O
-	O
lerischen	O
Abend	O
erhöhte	O
Mittel	O
zu	O
zuführen	O
.	O
Man	O
beabsichtigt	O
neben	O
guter	O
Musik	O
von	O
Autoren	O
dichterische	O
Werke	O
vortra	O
-	O
gen	O
zu	O
lassen	O
.	O
Frau	O
Eggers	O
fragte	O
mich	O
nun	O
,	O
ob	O
Du	O
(	O
und	O
vielleicht	O
noch	O
Liliencron	O
)	O
etwa	O
bereit	O
wärestn	O
ein	O
solches	O
Anerbieten	O
anzunehmen	O
.	O
Honorar	O
kann	O
bei	O
dem	O
Zweck	O
des	O
Unternehmens	O
natürlich	O
keines	O
geboten	O
werden	O
,	O
wohl	O
aber	O
freie	O
Fahrt	O
und	O
gastfreier	O
Aufenthalt	O
in	O
Bremen	O
.	O
Bei	O
letztem	O
steht	O
die	O
Wahl	O
eines	O
ersten	O
Hotels	O
oder	O
Familie	O
frei	O
.	O
Ich	O
glaube	O
Dir	O
schon	O
zu	O
raten	O
zu	O
sollen	O
,	O
denn	O
es	O
ist	O
immerhin	O
eine	O
Gelegenheit	O
Deine	O
Gemeinde	O
auf	O
einem	O
nicht	O
unfruchtbaren	O
Boden	O
zu	O
erweitern	O
.	O
Vielleicht	O
teilst	O
Du	O
mir	O
bald	O
darüber	O
eine	O
Zeile	O
mit	O
,	O
event	O
.	O
auch	O
über	O
Liliencron	O
.	O
Ich	O
würde	O
Frau	O
Eggers	O
dann	O
weiter	O
berichten	O
,	O
damit	O
sie	O
sich	O
officiell	O
mit	O
Euch	O
in	O
Ver	O
-	O
bindung	O
setzen	O
kann	O
.	O
Die	O
Vorlesung	O
die	O
übrigens	O
ja	O
nur	O
kurz	O
sein	O
könnte	O
,	O
soll	O
Mitte	O
Januar	O
stattfinden	O
.	O
Ich	O
bin	O
in	O
Begriff	O
nach	O
Berlin	O
zu	O
fahren	O
(	O
gottseidank	O
!	O
)	O
leider	O
aber	O
auch	O
zum	O
Teil	O
um	O
Smith	O
zu	O
konsultieren	O
,	O
da	O
es	O
mir	O
nicht	O
sonder	O
-	O
lich	O
gut	O
geht	O
.	O
Von	O
Euch	O
würden	O
wir	O
aber	O
gern	O
bald	O
viel	O
gutes	O
hören	O
!	O
Herzlichst	O
Peter	O
.	O
Lieber	O
Richard	O
—	O
Besten	O
Dank	O
für	O
Deine	O
Zusage	O
.	O
Lilli	O
wird	O
Frau	O
Eggers	O
eingehend	O
über	O
Eure	O
Ansprüche	O
etc.	O
berichten	O
.	O
Ich	O
bin	O
sehr	O
gespannt	O
bald	O
etwas	O
münd	O
-	O
liches	O
über	O
deine	O
Weimaraner	O
Beobach	O
-	O
tungen	O
zu	O
hören	O
,	O
vielleicht	O
sehen	O
wir	O
uns	O
doch	O
noch	O
vor	O
December	O
.	O
Das	O
wäre	O
auch	O
darum	O
wünschenswerth	O
,	O
weil	O
heute	O
Herr	O
Landrichter	O
Schiefler	O
bei	O
mir	O
war	O
und	O
mich	O
beauftragt	O
hat	O
Dich	O
in	O
Holz	O
zu	O
schneiden	O
.	O
Smith	O
hat	O
mir	O
verordnet	O
eine	O
Seereise	O
zu	O
machen	O
;	O
ich	O
werde	O
deswegen	O
wohl	O
am	O
31	O
.	O
Aug	O
von	O
Bremen	O
abfahren	O
,	O
um	O
in	O
Neapel	O
zu	O
landen	O
Für	O
eine	O
Nordlandsreise	O
ist	O
es	O
doch	O
zu	O
spät	O
und	O
außerdem	O
interessiert	O
mich	O
augenblichlich	O
die	O
römisch	O
-	O
griechi	O
-	O
sche	O
Antike	O
,	O
die	O
ich	O
mir	O
bei	O
der	O
Gelegen	O
-	O
heit	O
anzusehen	O
gedenke	O
,	O
mehr	O
,	O
wie	O
die	O
nordische	O
Berglandschaft	O
.	O
Sag	O
	O
mal	O
wie	O
ist	O
der	O
letzte	O
Satz	O
Deines	O
Briefes	O
über	O
das	O
Hamburger	O
Glöckchen	O
,	O
das	O
Ihr	O
leuten	O
hörtet	O
,	O
zu	O
verstehen	O
?	O
Mir	O
ist	O
er	O
ganz	O
unverständlich	O
.	O
Gestern	O
in	O
Berlin	O
war	O
ich	O
mit	O
Kuehl	O
,	O
der	O
jetzt	O
am	O
Kunstgewerbemuseum	O
ist	O
,	O
zu	O
-	O
sammen	O
;	O
ich	O
möchte	O
ihn	O
gern	O
als	O
Kunst	O
-	O
geschichtsdocent	O
und	O
Bibliothekar	O
hierher	O
haben	O
.	O
Ich	O
fürchte	O
aber	O
,	O
daß	O
die	O
ihn	O
dort	O
nicht	O
loslassen	O
werden	O
.	O
Wenn	O
er	O
nicht	O
könnte	O
,	O
wüßtest	O
Du	O
dann	O
vielleicht	O
jemand	O
der	O
geeignet	O
wäre	O
und	O
nicht	O
zu	O
sehr	O
Archäo	O
-	O
oder	O
Philologe	O
ist	O
?	O
Kuehl	O
ist	O
Dir	O
doch	O
gut	O
bekannt	O
,	O
hältst	O
Du	O
ihn	O
nicht	O
auch	O
für	O
eine	O
sehr	O
gute	O
Acquisition	O
?	O
Mit	O
aller	O
Herzlichkeit	O
Dein	O
Peter	O
Lieber	O
Richard	O
—	O
Seit	O
gestern	O
bin	O
ich	O
für	O
einige	O
Wochen	O
hier	O
seßhaft	O
geworden	O
um	O
meine	O
Nerven	O
gründ	O
-	O
lich	O
aufbügeln	O
zu	O
lassen	O
.	O
Vor	O
einigen	O
Tagen	O
hörte	O
ich	O
in	O
Mannheim	O
von	O
Doktor	O
Berin	O
-	O
ger	O
,	O
daß	O
Ihr	O
jetzt	O
schon	O
in	O
Bingen	O
seid	O
.	O
Es	O
sollte	O
mein	O
erstes	O
sein	O
Dir	O
zu	O
schreiben	O
,	O
wie	O
sehr	O
ich	O
mich	O
freuen	O
würde	O
,	O
wenn	O
wir	O
uns	O
nun	O
öfters	O
sehen	O
könnten	O
.	O
Nun	O
schreibt	O
mir	O
Schäfer	O
eben	O
noch	O
persönlich	O
,	O
ich	O
möchte	O
doch	O
an	O
der	O
Verbandsfestlichkeit	O
teilnehmen	O
und	O
lockt	O
mich	O
besonders	O
auch	O
durch	O
Eure	O
Anwesenheit	O
.	O
Dies	O
hat	O
mich	O
nun	O
bestimmt	O
am	O
Sonntag	O
mitzufahren	O
in	O
dem	O
besonderen	O
Gedanken	O
daran	O
ein	O
Weilchen	O
mit	O
Euch	O
zu	O
sammen	O
zu	O
sein	O
.	O
Also	O
auf	O
Wiedersehen	O
und	O
für	O
heute	O
herzliche	O
Grüße	O
an	O
Frau	O
Isi	O
und	O
Dich	O
Dein	O
Peter	O
.	O
Lieber	O
Richard	O
—	O
Also	O
ich	O
habe	O
jetzt	O
mit	O
Frau	O
Lilli	O
,	O
die	O
gestern	O
in	O
Darmstadt	O
eingetroffen	O
ist	O
verabredet	O
,	O
daß	O
wir	O
,	O
sie	O
von	O
Darmstadt	O
und	O
ich	O
von	O
Wiesbaden	O
,	O
morgen	O
Freitag	O
Vormittag	O
11	O
Uhr	O
in	O
Mannheim	O
eintreffen	O
.	O
Wir	O
beide	O
müssen	O
abends	O
wieder	O
zurückreisen	O
,	O
den	O
Tag	O
aber	O
möchten	O
wir	O
in	O
herzerfreulicher	O
Weise	O
,	O
außer	O
Kunst	O
und	O
Gartenbau	O
,	O
verbringen	O
.	O
Da	O
dies	O
nicht	O
besser	O
als	O
in	O
Eurer	O
Gesellschaft	O
geschehen	O
kann	O
,	O
schlage	O
ich	O
vor	O
,	O
daß	O
wir	O
mit	O
unsern	O
Gattinnen	O
um	O
1	O
Uhr	O
im	O
Parkhotel	O
zusammen	O
essen	O
.	O
Es	O
wäre	O
nun	O
sehr	O
schön	O
,	O
wenn	O
wir	O
nachmittags	O
den	O
Kaffe	O
auf	O
der	O
Ausstellungs	O
-	O
terrasse	O
trinken	O
würden	O
und	O
Du	O
veranlassen	O
könntest	O
,	O
daß	O
Bensheimers	O
und	O
auch	O
Beringers	O
dazukämen	O
.	O
Ich	O
darf	O
Dich	O
wohl	O
bitten	O
in	O
meinem	O
Auftrag	O
eine	O
solche	O
Auffordernung	O
an	O
Beringers	O
,	O
deren	O
Adresse	O
ich	O
nicht	O
weiß	O
,	O
gelangen	O
zu	O
lassen	O
.	O
Mit	O
herzlichen	O
Grüßen	O
an	O
die	O
sehr	O
zu	O
ver	O
-	O
ehrende	O
Frau	O
Isi	O
und	O
Dich	O
Dein	O
Peter	O
.	O
Lieber	O
Richard	O
und	O
Frau	O
Isi	O
—	O
Aber	O
natürlich	O
ist	O
es	O
uns	O
recht	O
und	O
sehr	O
freudig	O
erwünscht	O
,	O
daß	O
Ihr	O
am	O
Mittwoch	O
d.	O
15	O
.	O
uns	O
besucht	O
.	O
Ihr	O
fahrt	O
am	O
besten	O
1	O
Uhr	O
15	O
Min	O
vom	O
Potsdamer	O
(	O
nicht	O
Wannseebahnhof	O
)	O
Bahnhof	O
und	O
seid	O
in	O
26	O
Minuten	O
,	O
also	O
1	O
Uhr	O
41	O
hier	O
im	O
Neubabelsberg	O
.	O
Nun	O
bin	O
ich	O
aber	O
der	O
Ansicht	O
,	O
daß	O
es	O
sowohl	O
für	O
den	O
weib	O
-	O
lichen	O
,	O
wie	O
männlichen	O
Teil	O
gemüthlicher	O
ist	O
,	O
wenn	O
Ihr	O
bis	O
zu	O
dem	O
Abendzug	O
nämlich	O
12	O
Uhr	O
9	O
hier	O
bleibt	O
.	O
Sonst	O
kann	O
von	O
Gründ	O
-	O
lichkeit	O
doch	O
keine	O
Rede	O
sein	O
?	O
Also	O
auf	O
frohes	O
Wiedersehn	O
—	O
Euer	O
Peter	O
Haltst	O
Du	O
übrigens	O
einen	O
Vortrag	O
,	O
wann	O
und	O
wo	O
,	O
wir	O
wissen	O
von	O
garnichts	O
?	O
Liebe	O
Frau	O
Isi	O
—	O
Ich	O
las	O
in	O
der	O
Zeitung	O
,	O
daß	O
Richard	O
erkrankt	O
sei	O
.	O
Da	O
ich	O
mich	O
um	O
ihn	O
sorge	O
,	O
bitte	O
ich	O
Sie	O
um	O
eine	O
kurze	O
Mitteilung	O
.	O
Mit	O
allerbesten	O
Wünschen	O
,	O
Ihr	O
Peter	O
Behrens	O
Mein	O
lieber	O
Richard	O
und	O
meine	O
hoch	O
-	O
verehrte	O
Frau	O
Isi	O
—	O
Erst	O
heute	O
am	O
Ostersonntag	O
-	O
Morgen	O
,	O
habe	O
ich	O
die	O
Zeit	O
dazu	O
mich	O
für	O
das	O
rührende	O
Geburtstaggedenken	O
zu	O
bedanken	O
.	O
Das	O
ist	O
der	O
Berufsfluch	O
eines	O
praktisch	O
arbeiten	O
-	O
den	O
Architekten	O
,	O
daß	O
er	O
an	O
Zeit	O
,	O
Ort	O
Ziegel	O
-	O
steine	O
u.	O
s.	O
w.	O
festgebunden	O
ist	O
.	O
Und	O
darum	O
thut	O
es	O
mir	O
ja	O
immer	O
leid	O
,	O
daß	O
ich	O
nicht	O
Dichter	O
geworden	O
bin	O
,	O
denn	O
empfinden	O
thue	O
ich	O
es	O
ja	O
auch	O
,	O
wenn	O
das	O
Leben	O
Blüthen	O
schüttelt	O
und	O
mir	O
einige	O
auf	O
den	O
Rock	O
-	O
kragen	O
liegen	O
bleiben	O
.	O
Aber	O
wenn	O
auch	O
am	O
vorigen	O
Dienstag	O
so	O
ein	O
Tag	O
war	O
,	O
und	O
ich	O
Euch	O
am	O
liebsten	O
gleich	O
zugerufen	O
hätte	O
,	O
wie	O
sehr	O
mich	O
Euer	O
schöner	O
Brief	O
,	O
die	O
ge	O
-	O
schmackvolle	O
Dose	O
,	O
und	O
die	O
prachtvollen	O
Photographien	O
,	O
die	O
Frau	O
Isis	O
Vermitt	O
-	O
lung	O
zu	O
danken	O
sind	O
,	O
gefreut	O
haben	O
,	O
so	O
kann	O
s	O
doch	O
erst	O
heute	O
geschehen	O
.	O
Aber	O
—	O
und	O
das	O
muß	O
erwähnt	O
werden	O
—	O
die	O
Wahr	O
-	O
haftigkeit	O
meines	O
Dankes	O
und	O
meiner	O
guten	O
und	O
freundschaftlichen	O
Gesinnung	O
ist	O
um	O
nichts	O
geringer	O
.	O
Gerade	O
bei	O
diesem	O
,	O
durch	O
Eure	O
Freundlichkeit	O
gegebenen	O
Anlaß	O
dachte	O
ich	O
daran	O
,	O
daß	O
wir	O
uns	O
nun	O
doch	O
schon	O
an	O
die	O
10	O
Jahre	O
kennen	O
,	O
und	O
im	O
Gegensatz	O
zu	O
so	O
vielen	O
Bekanntschaften	O
,	O
die	O
man	O
macht	O
,	O
eine	O
erhobene	O
Gleichmässigkeit	O
bei	O
uns	O
liegt	O
.	O
Ich	O
empfand	O
es	O
auch	O
,	O
als	O
ich	O
neulich	O
bei	O
Euch	O
in	O
Blankenese	O
war	O
:	O
Eine	O
Erinnerung	O
an	O
kluge	O
gute	O
Worte	O
,	O
duftendes	O
junges	O
Grün	O
,	O
großes	O
schneeweißes	O
Porcellan	O
und	O
eine	O
Menge	O
brennender	O
Apfelsinen	O
und	O
blasser	O
Bananen	O
.	O
Wenn	O
einige	O
Zeit	O
vergangen	O
ist	O
,	O
werde	O
ich	O
diesen	O
letzten	O
Tag	O
mit	O
einem	O
vor	O
Jahren	O
ver	O
-	O
wechseln	O
.	O
Das	O
ist	O
etwas	O
sehr	O
Schönes	O
und	O
Seltenes	O
.	O
Aber	O
noch	O
etwas	O
anderes	O
.	O
Ich	O
nehme	O
öfters	O
Deine	O
bisjetzt	O
erschienenen	O
neuen	O
Bücher	O
zur	O
Hand	O
,	O
und	O
wenn	O
ich	O
darin	O
lese	O
,	O
so	O
werde	O
ich	O
immer	O
wieder	O
so	O
sehr	O
davon	O
ergriffen	O
,	O
wie	O
auch	O
früher	O
vor	O
Jahren	O
;	O
und	O
Du	O
weißt	O
,	O
wie	O
sehr	O
begeistert	O
ich	O
auch	O
damals	O
schon	O
von	O
Deiner	O
Kunst	O
war	O
.	O
Es	O
ist	O
die	O
einzige	O
wirklich	O
rhytmische	O
Kunst	O
,	O
die	O
unsre	O
Zeit	O
gewonnen	O
hat	O
.	O
Und	O
wenn	O
man	O
Recht	O
hat	O
vieles	O
,	O
das	O
einst	O
aussichtsvoll	O
erschien	O
,	O
zu	O
verwerfen	O
so	O
giebt	O
sie	O
allein	O
den	O
Trost	O
für	O
alles	O
kommende	O
,	O
den	O
Mut	O
an	O
etwas	O
Bleibendes	O
denken	O
zu	O
können	O
.	O
Dies	O
wollte	O
ich	O
nur	O
einmal	O
gesagt	O
haben	O
.	O
Die	O
Photos	O
der	O
Frau	O
Diez	O
sind	O
thatsächlich	O
die	O
ersten	O
,	O
die	O
einen	O
anständigen	O
Menschen	O
aus	O
mir	O
gemacht	O
haben	O
.	O
Es	O
muß	O
bei	O
mir	O
sehr	O
schwer	O
sein	O
.	O
Um	O
so	O
höher	O
ist	O
die	O
Kunst	O
es	O
fertig	O
gebracht	O
zu	O
haben	O
,	O
anzuschlagen	O
.	O
Das	O
zur	O
Sache	O
,	O
aber	O
daß	O
sie	O
überhaupt	O
da	O
sind	O
,	O
ist	O
eins	O
von	O
Frau	O
Isis	O
Verdiensten	O
.	O
Lilli	O
und	O
ich	O
sind	O
darüber	O
einig	O
,	O
daß	O
sie	O
viele	O
hat	O
,	O
die	O
gebührendermaassen	O
nicht	O
nur	O
vorhanden	O
sind	O
,	O
sondern	O
auch	O
anerkannt	O
werden	O
.	O
Darum	O
hole	O
ich	O
ihr	O
jetzt	O
aus	O
unserm	O
Garten	O
der	O
all	O
-	O
mälig	O
Form	O
gewinnt	O
und	O
den	O
Ihr	O
im	O
fertigen	O
Zustande	O
ansehen	O
müsst	O
,	O
das	O
beste	O
was	O
er	O
jetzt	O
schon	O
hat	O
.	O
Wenig	O
aber	O
von	O
Herzen	O
.	O
Also	O
nochmals	O
,	O
herzlichen	O
Dank	O
und	O
schöne	O
Oster	O
-	O
Grüße	O
von	O
uns	O
Euer	O
Peter	O
.	O
P.S.	O
Das	O
Bismarkdenkmal	O
in	O
Oedenburg	O
soll	O
jetzt	O
nach	O
meinem	O
Entwurf	O
gepflastert	O
werden	O
.	O
Lieber	O
Richard	O
—	O
Dein	O
Brief	O
kam	O
heute	O
Morgen	O
wie	O
ein	O
Blitz	O
aus	O
heiterm	O
Himmel	O
.	O
Wohl	O
wussten	O
wir	O
,	O
daß	O
Frau	O
Isi	O
leidend	O
war	O
und	O
,	O
daß	O
sie	O
sich	O
einer	O
Operation	O
unterziehen	O
wollte	O
,	O
doch	O
wussten	O
wir	O
nicht	O
,	O
daß	O
diese	O
so	O
bald	O
geschehen	O
sollte	O
und	O
am	O
wenigsten	O
,	O
daß	O
sie	O
so	O
schwer	O
werden	O
würde	O
.	O
Deine	O
Nachricht	O
hat	O
uns	O
in	O
Sorge	O
versetzt	O
.	O
Das	O
magst	O
Du	O
uns	O
glauben	O
.	O
Wenn	O
man	O
sich	O
umsieht	O
,	O
wie	O
viel	O
Freunde	O
hat	O
man	O
,	O
die	O
es	O
wirklich	O
sind	O
?	O
Und	O
wenn	O
es	O
einige	O
sind	O
,	O
dann	O
seid	O
Ihr	O
uns	O
die	O
nächsten	O
.	O
Darum	O
fühlen	O
wir	O
in	O
diesen	O
Tagen	O
mit	O
Dir	O
,	O
Richard	O
,	O
und	O
bitten	O
Dich	O
uns	O
sogleich	O
wieder	O
Nachricht	O
zu	O
geben	O
.	O
Auch	O
uns	O
ist	O
Deine	O
volle	O
Zuversicht	O
Trost	O
,	O
aber	O
bitte	O
schreibe	O
bald	O
wieder	O
.	O
Mit	O
allen	O
besten	O
Wünschen	O
Dein	O
Peter	O
.	O
Peter	O
hat	O
alles	O
gesagt	O
was	O
ich	O
fühle	O
—	O
unsere	O
Gedanken	O
sind	O
fortgesetzt	O
bei	O
Euch	O
,	O
meine	O
Seegen	O
,	O
meine	O
Wünsche	O
und	O
meine	O
wärmsten	O
Grüße	O
.	O
In	O
Treue	O
Euere	O
Lilli	O
.	O
Lieber	O
Richard	O
,	O
bitte	O
schicke	O
deinen	O
Correkturbogen	O
zu	O
mir	O
.	O
Ich	O
füge	O
Deine	O
Correkturen	O
dann	O
ein	O
sonst	O
wird	O
Schäfer	O
irre	O
.	O
P.	O
Lieber	O
Richard	O
—	O
Ich	O
komme	O
morgen	O
Mittwoch	O
Nach	O
-	O
mittag	O
3.18	O
nach	O
Heidelberg	O
.	O
Abgesehen	O
von	O
der	O
hochernsten	O
,	O
wichtigen	O
Schuh	O
-	O
Angelegenheit	O
,	O
habe	O
ich	O
Dir	O
,	O
wie	O
meistens	O
,	O
auch	O
wichtige	O
Dinge	O
mitzuteilen	O
.	O
Auf	O
Wiedersehen	O
Dein	O
P.	O
L.	O
R.	O
Ich	O
habe	O
gestern	O
Abend	O
noch	O
in	O
dem	O
Misterium	O
gelesen	O
und	O
glaube	O
jetzt	O
,	O
daß	O
sich	O
doch	O
etwas	O
daraus	O
machen	O
läßt	O
.	O
Ich	O
will	O
Dir	O
aber	O
nochmals	O
darüber	O
schreiben	O
.	O
Jeden	O
-	O
falls	O
danke	O
ich	O
Dir	O
,	O
daß	O
du	O
es	O
brachtest	O
und	O
auch	O
nochmals	O
für	O
Euren	O
auf	O
-	O
klärenden	O
Besuch	O
.	O
Herzlichst	O
Dein	O
Peter	O
.	O
Lieber	O
Richard	O
,	O
nun	O
haben	O
wir	O
doch	O
vergessen	O
gestern	O
Krebs	O
eine	O
Karte	O
zu	O
schreiben	O
.	O
Ich	O
müßte	O
ihm	O
heute	O
doch	O
schreiben	O
.	O
Du	O
denkst	O
wohl	O
selber	O
daran	O
ihm	O
für	O
seine	O
Ver	O
-	O
mittlung	O
eine	O
Karte	O
zu	O
senden	O
.	O
Wie	O
geht	O
es	O
Frau	O
Isi	O
?	O
D.	O
P.	O
Lieber	O
Richard	O
—	O
Vielen	O
Dank	O
für	O
Eure	O
3fachen	O
Wünschen	O
für	O
mein	O
kommendes	O
Jahr	O
.	O
Wenn	O
ich	O
Dich	O
mit	O
meiner	O
Unzu	O
-	O
friedenheit	O
über	O
die	O
Auffassung	O
in	O
dem	O
Seifert	O
	O
schen	O
Articel	O
geär	O
-	O
gert	O
habe	O
,	O
so	O
thut	O
mir	O
daß	O
sehr	O
leid	O
,	O
aber	O
Du	O
mußt	O
doch	O
zugeben	O
daß	O
das	O
,	O
was	O
in	O
dem	O
Articel	O
steht	O
nicht	O
geeignet	O
war	O
ein	O
richtiges	O
Bild	O
von	O
dem	O
zu	O
geben	O
,	O
das	O
ich	O
in	O
ideeller	O
Anschauung	O
vorhabe	O
,	O
und	O
das	O
auch	O
Deiner	O
Anschauung	O
ent	O
-	O
spricht	O
.	O
Wenn	O
Herr	O
Seifert	O
sich	O
weiter	O
für	O
die	O
Darmstädter	O
Bewegung	O
inter	O
-	O
essiert	O
,	O
so	O
bin	O
ich	O
gern	O
bereit	O
ihn	O
zu	O
empfangen	O
.	O
Aber	O
bitte	O
nicht	O
meinetwegen	O
vor	O
allem	O
nicht	O
um	O
Dir	O
nicht	O
irgend	O
welche	O
Mühe	O
und	O
Con	O
-	O
sequenzen	O
zu	O
verursachen	O
.	O
Du	O
hast	O
mich	O
unbegreiflich	O
falsch	O
verstanden	O
wenn	O
Du	O
glaubtest	O
,	O
ich	O
wünsche	O
von	O
Dir	O
die	O
Besorgung	O
litterarischer	O
Handlanger	O
.	O
Es	O
ist	O
nur	O
nur	O
um	O
das	O
Zustandekommen	O
meiner	O
Pläne	O
zu	O
thun	O
und	O
dieses	O
wird	O
mir	O
von	O
gewisser	O
Seite	O
nicht	O
gerade	O
erleichtert	O
.	O
In	O
Eile	O
Dein	O
Peter	O
.	O
Soeben	O
mit	O
krebs	O
eingetroffen	O
,	O
bitte	O
kommt	O
sonntag	O
zu	O
tisch	O
zu	O
uns	O
montag	O
dann	O
zu	O
tisch	O
ravenstein	O
.	O
Peter	O
Lieber	O
Richard	O
—	O
1	O
.	O
Ansorge	O
hat	O
mir	O
versprochen	O
etwas	O
zu	O
componieren	O
und	O
zwar	O
im	O
besten	O
Fall	O
etwas	O
von	O
Dir	O
,	O
ich	O
sagte	O
ihm	O
dann	O
,	O
daß	O
wenn	O
Du	O
nichts	O
Geeignetes	O
haben	O
solltest	O
oder	O
noch	O
machen	O
würdest	O
,	O
wir	O
etwas	O
anderes	O
dann	O
suchen	O
wollten	O
.	O
Da	O
wollte	O
er	O
suchen	O
und	O
auch	O
ich	O
.	O
Ich	O
habe	O
natürlich	O
nicht	O
gesucht	O
weil	O
Du	O
mir	O
die	O
schöne	O
Hoffnung	O
machtest	O
eine	O
neue	O
Dichtung	O
hierfür	O
zu	O
erfinden	O
.	O
Ich	O
habe	O
ihm	O
das	O
noch	O
nicht	O
geschrieben	O
weil	O
ich	O
effectiv	O
keine	O
Zeit	O
habe	O
.	O
Das	O
ist	O
es	O
,	O
und	O
ich	O
meine	O
ich	O
hätte	O
Dir	O
das	O
auch	O
schon	O
so	O
erzählt	O
.	O
Die	O
Ausstellung	O
wird	O
am	O
15	O
.	O
eröffnet	O
,	O
Tag	O
vor	O
Himmelfahrt	O
.	O
Himmelfahrt	O
gebrauchen	O
wir	O
für	O
die	O
Ausstellungscasse	O
.	O
Es	O
thut	O
mir	O
wirklich	O
recht	O
leid	O
,	O
daß	O
Du	O
nun	O
nicht	O
kommen	O
kannst	O
und	O
ich	O
mag	O
Dir	O
auch	O
nicht	O
zurathen	O
einen	O
vielleicht	O
größeren	O
Genuß	O
fahren	O
zu	O
lassen	O
.	O
Daß	O
Meier	O
Gräefes	O
kommen	O
freut	O
uns	O
sehr	O
Frack	O
wird	O
wohl	O
nötig	O
sein	O
.	O
Übrigens	O
haben	O
wir	O
heute	O
Abend	O
noch	O
Sitzung	O
über	O
diese	O
Dinge	O
und	O
ich	O
werde	O
Dir	O
wichtige	O
Resultate	O
mitteilen	O
Du	O
hältst	O
doch	O
Wort	O
und	O
machst	O
noch	O
ein	O
schönes	O
Stück	O
zur	O
sicht	O
-	O
bar	O
lyrischen	O
Darstellung	O
.	O
Wenn	O
Ansorge	O
die	O
Musik	O
nicht	O
machen	O
will	O
so	O
macht	O
eine	O
schöne	O
Musik	O
dazu	O
gewiß	O
noch	O
jemand	O
anders	O
.	O
Du	O
weißt	O
wie	O
sehr	O
mir	O
daran	O
liegt	O
von	O
Dir	O
noch	O
etwas	O
zu	O
haben	O
.	O
Ich	O
möchte	O
nicht	O
,	O
daß	O
von	O
Dir	O
auch	O
etwas	O
dabei	O
ist	O
sondern	O
ich	O
möchte	O
daß	O
Deine	O
Weise	O
charakteristisch	O
vorwiegt	O
.	O
Vorgesten	O
war	O
ich	O
in	O
Köln	O
Darüber	O
möchte	O
ich	O
Dir	O
erzählen	O
.	O
In	O
fliegender	O
Eile	O
und	O
steter	O
Herzlich	O
-	O
keit	O
Dein	O
Peter	O
Lieber	O
Richard	O
—	O
Für	O
das	O
Verlagssignet	O
werde	O
ich	O
jetzt	O
Zeit	O
haben	O
,	O
den	O
„	O
Preis	O
‟	O
kann	O
ich	O
jetzt	O
aber	O
nicht	O
genau	O
angeben	O
.	O
Man	O
muß	O
erst	O
sehen	O
was	O
es	O
sein	O
soll	O
und	O
wie	O
es	O
wird	O
.	O
Wenn	O
es	O
die	O
Art	O
des	O
Inselwappens	O
ist	O
,	O
so	O
wird	O
die	O
„	O
Preislage	O
‟	O
zwischen	O
50	O
bis	O
100	O
M.	O
sein	O
.	O
Was	O
nun	O
den	O
Ausstellungsflügel	O
betrifft	O
,	O
so	O
wäre	O
es	O
sehr	O